id,대분류코드,대분류명,항목,파일명,검색키워드,보유확장자,링크
1,01_BS,기본시스템(로고·심벌·서체),BS1_심벌마크,BS1_심벌마크_PANTONE,"기본시스템(로고·심벌·서체), 심벌마크","AI(1), PNG(1)",https://drive.google.com/drive/folders/13EOIbOnNtL_UXtIUSWnu9qxYiWLsT9sG?usp=sharing
2,01_BS,기본시스템(로고·심벌·서체),BS1_심벌마크,BS1_심벌마크_CMYK,"기본시스템(로고·심벌·서체), 심벌마크","AI(1), PNG(1)",https://drive.google.com/drive/folders/13EOIbOnNtL_UXtIUSWnu9qxYiWLsT9sG?usp=sharing
3,01_BS,기본시스템(로고·심벌·서체),BS1_심벌마크,BS1_심벌마크_RGB,"기본시스템(로고·심벌·서체), 심벌마크","AI(1), PNG(1)",https://drive.google.com/drive/folders/13EOIbOnNtL_UXtIUSWnu9qxYiWLsT9sG?usp=sharing
4,01_BS,기본시스템(로고·심벌·서체),BS3_워드마크,BS3_워드마크_PANTONE,"기본시스템(로고·심벌·서체), 워드마크","AI(1), PNG(5)",https://drive.google.com/drive/folders/1IydwACd0cvdB2y6fB0wh_mHAHqM7cWem?usp=sharing
5,01_BS,기본시스템(로고·심벌·서체),BS3_워드마크,BS3_워드마크_CMYK,"기본시스템(로고·심벌·서체), 워드마크","AI(1), PNG(5)",https://drive.google.com/drive/folders/1IydwACd0cvdB2y6fB0wh_mHAHqM7cWem?usp=sharing
6,01_BS,기본시스템(로고·심벌·서체),BS3_워드마크,BS3_워드마크_RGB,"기본시스템(로고·심벌·서체), 워드마크","AI(1), PNG(5)",https://drive.google.com/drive/folders/1IydwACd0cvdB2y6fB0wh_mHAHqM7cWem?usp=sharing
7,01_BS,기본시스템(로고·심벌·서체),BS4_로고,BS4_로고_PANTONE,"기본시스템(로고·심벌·서체), 로고","AI(1), PNG(10)",https://drive.google.com/drive/folders/1OKh9Wc0-cWhVVqOqXahnI0bjyBSUUVLU?usp=sharing
8,01_BS,기본시스템(로고·심벌·서체),BS4_로고,BS4_로고_CMYK,"기본시스템(로고·심벌·서체), 로고","AI(1), PNG(10)",https://drive.google.com/drive/folders/1OKh9Wc0-cWhVVqOqXahnI0bjyBSUUVLU?usp=sharing
9,01_BS,기본시스템(로고·심벌·서체),BS4_로고,BS4_로고_RGB,"기본시스템(로고·심벌·서체), 로고","AI(1), PNG(10)",https://drive.google.com/drive/folders/1OKh9Wc0-cWhVVqOqXahnI0bjyBSUUVLU?usp=sharing
10,01_BS,기본시스템(로고·심벌·서체),BS6_하나투어약속,BS6_하나투어약속_PANTONE,"기본시스템(로고·심벌·서체), 하나투어약속","AI(1), PNG(3)",https://drive.google.com/drive/folders/1gJqp-MXO-bbb4xZXyquBlM0Zyj7pKzir?usp=sharing
11,01_BS,기본시스템(로고·심벌·서체),BS6_하나투어약속,BS6_하나투어약속_CMYK,"기본시스템(로고·심벌·서체), 하나투어약속","AI(1), PNG(3)",https://drive.google.com/drive/folders/1gJqp-MXO-bbb4xZXyquBlM0Zyj7pKzir?usp=sharing
12,01_BS,기본시스템(로고·심벌·서체),BS6_하나투어약속,BS6_하나투어약속_RGB,"기본시스템(로고·심벌·서체), 하나투어약속","AI(1), PNG(3)",https://drive.google.com/drive/folders/1gJqp-MXO-bbb4xZXyquBlM0Zyj7pKzir?usp=sharing
13,01_BS,기본시스템(로고·심벌·서체),BS7_슬로건,BS7_슬로건_PANTONE,"기본시스템(로고·심벌·서체), 슬로건","AI(1), PNG(4)",https://drive.google.com/drive/folders/1G2QStZL5mugZA1XwbeceGhj7GiZJV7qs?usp=sharing
14,01_BS,기본시스템(로고·심벌·서체),BS7_슬로건,BS7_슬로건_CMYK,"기본시스템(로고·심벌·서체), 슬로건","AI(1), PNG(4)",https://drive.google.com/drive/folders/1G2QStZL5mugZA1XwbeceGhj7GiZJV7qs?usp=sharing
15,01_BS,기본시스템(로고·심벌·서체),BS7_슬로건,BS7_슬로건_RGB,"기본시스템(로고·심벌·서체), 슬로건","AI(1), PNG(4)",https://drive.google.com/drive/folders/1G2QStZL5mugZA1XwbeceGhj7GiZJV7qs?usp=sharing
16,01_BS,기본시스템(로고·심벌·서체),BS8_슬로건사용규정,BS8_슬로건사용규정_PANTONE,"슬로건사용규정, 기본시스템(로고·심벌·서체)","AI(1), PNG(3)",https://drive.google.com/drive/folders/1R9-a4xd3gl1Fl3gUGE_1wgmn4-wPQ-mj?usp=sharing
17,01_BS,기본시스템(로고·심벌·서체),BS8_슬로건사용규정,BS8_슬로건사용규정_CMYK,"슬로건사용규정, 기본시스템(로고·심벌·서체)","AI(1), PNG(3)",https://drive.google.com/drive/folders/1RbNeG0Lqlso_g2XsVHGEHK2RNDgjdP2G?usp=sharing
18,01_BS,기본시스템(로고·심벌·서체),BS8_슬로건사용규정,BS8_슬로건사용규정_RGB,"슬로건사용규정, 기본시스템(로고·심벌·서체)","AI(1), PNG(3)",https://drive.google.com/drive/folders/1RbNeG0Lqlso_g2XsVHGEHK2RNDgjdP2G?usp=sharing
19,01_BS,기본시스템(로고·심벌·서체),BS18_계열사BI,BS18_계열사BI_PANTONE,"계열사BI, 기본시스템(로고·심벌·서체)","AI(1), PNG(16)",https://drive.google.com/drive/folders/1gR69u3BfEOFfWaNoQ9SSzMterayZC_-J?usp=sharing
20,01_BS,기본시스템(로고·심벌·서체),BS18_계열사BI,BS18_계열사BI_CMYK,"계열사BI, 기본시스템(로고·심벌·서체)","AI(1), PNG(16)",https://drive.google.com/drive/folders/1gR69u3BfEOFfWaNoQ9SSzMterayZC_-J?usp=sharing
21,01_BS,기본시스템(로고·심벌·서체),BS18_계열사BI,BS18_계열사BI_RGB,"계열사BI, 기본시스템(로고·심벌·서체)","AI(1), PNG(16)",https://drive.google.com/drive/folders/1gR69u3BfEOFfWaNoQ9SSzMterayZC_-J?usp=sharing
22,01_BS,기본시스템(로고·심벌·서체),BS19_제휴여행사BI,BS19_제휴여행사BI_PANTONE,"기본시스템(로고·심벌·서체), 제휴여행사BI","AI(1), PNG(16)",https://drive.google.com/drive/folders/10F5p0l5td19sxyBCxBHNcjzdy51iWy6O?usp=sharing
23,01_BS,기본시스템(로고·심벌·서체),BS19_제휴여행사BI,BS19_제휴여행사BI_CMYK,"기본시스템(로고·심벌·서체), 제휴여행사BI","AI(1), PNG(16)",https://drive.google.com/drive/folders/10F5p0l5td19sxyBCxBHNcjzdy51iWy6O?usp=sharing
24,01_BS,기본시스템(로고·심벌·서체),BS19_제휴여행사BI,BS19_제휴여행사BI_RGB,"기본시스템(로고·심벌·서체), 제휴여행사BI","AI(1), PNG(16)",https://drive.google.com/drive/folders/10F5p0l5td19sxyBCxBHNcjzdy51iWy6O?usp=sharing
25,03_AS,응용시스템(인쇄·사무용품),AS1_명함,AS1_명함_PANTONE,"명함, 응용시스템(인쇄·사무용품)",AI(1),https://drive.google.com/drive/folders/1Hw69Zmy6wzwiWZebtc1_lZVysGurnUuX?usp=sharing
26,03_AS,응용시스템(인쇄·사무용품),AS1_명함,AS1_명함_CMYK,"명함, 응용시스템(인쇄·사무용품)",AI(1),https://drive.google.com/drive/folders/1Hw69Zmy6wzwiWZebtc1_lZVysGurnUuX?usp=sharing
27,03_AS,응용시스템(인쇄·사무용품),AS2_소봉투,AS2_소봉투_PANTONE,"소봉투, 응용시스템(인쇄·사무용품)",AI(1),https://drive.google.com/drive/folders/1899aIM-Plso0WV5eF7R1rSnME-5dU2-m?usp=sharing
28,03_AS,응용시스템(인쇄·사무용품),AS2_소봉투,AS2_소봉투_CMYK,"소봉투, 응용시스템(인쇄·사무용품)",AI(1),https://drive.google.com/drive/folders/1899aIM-Plso0WV5eF7R1rSnME-5dU2-m?usp=sharing
29,03_AS,응용시스템(인쇄·사무용품),AS3_대봉투,AS3_대봉투_CMYK,"대봉투, 응용시스템(인쇄·사무용품)",AI(1),https://drive.google.com/drive/folders/1QStD3O2ovX6EyaRVYaro7CEHem-UkWjs?usp=sharing
30,03_AS,응용시스템(인쇄·사무용품),AS4_레터헤드,AS4_레터헤드_PANTONE,"레터헤드, 응용시스템(인쇄·사무용품)",AI(1),https://drive.google.com/drive/folders/15MDSm7CoShh4LSspxak2seOA_sdmCp37?usp=sharing
31,03_AS,응용시스템(인쇄·사무용품),AS4_레터헤드,AS4_레터헤드_CMYK,"레터헤드, 응용시스템(인쇄·사무용품)",AI(1),https://drive.google.com/drive/folders/15MDSm7CoShh4LSspxak2seOA_sdmCp37?usp=sharing
32,03_AS,응용시스템(인쇄·사무용품),AS5_보도자료용지,AS5_보도자료용지_PANTONE,"보도자료용지, 응용시스템(인쇄·사무용품)",AI(1),https://drive.google.com/drive/folders/1Sn6rsFxLNP4R_WZrxo4YqDUK8fuigXKe?usp=sharing
33,03_AS,응용시스템(인쇄·사무용품),AS5_보도자료용지,AS5_보도자료용지_CMYK,"보도자료용지, 응용시스템(인쇄·사무용품)",AI(1),https://drive.google.com/drive/folders/1Sn6rsFxLNP4R_WZrxo4YqDUK8fuigXKe?usp=sharing
34,03_AS,응용시스템(인쇄·사무용품),AS6_명찰·신분증(일반),AS6_명찰·신분증(일반)_PANTONE,"명찰, 신분증, 응용시스템(인쇄·사무용품), 일반",AI(1),https://drive.google.com/drive/folders/1pYPLlzJr5H_Bc1g1bjFulaBeLGJ28C9W?usp=sharing
35,03_AS,응용시스템(인쇄·사무용품),AS6_명찰·신분증(일반),AS6_명찰·신분증(일반)_CMYK,"명찰, 신분증, 응용시스템(인쇄·사무용품), 일반",AI(1),https://drive.google.com/drive/folders/1pYPLlzJr5H_Bc1g1bjFulaBeLGJ28C9W?usp=sharing
36,03_AS,응용시스템(인쇄·사무용품),AS7_명찰·신분증(인솔자),AS7_명찰·신분증(인솔자)_PANTONE,"명찰, 신분증, 응용시스템(인쇄·사무용품), 인솔자",AI(1),https://drive.google.com/drive/folders/1Bk9k7MeoJhIINW1Fox1VAjnS_Sfef5r9?usp=sharing
37,03_AS,응용시스템(인쇄·사무용품),AS7_명찰·신분증(인솔자),AS7_명찰·신분증(인솔자)_CMYK,"명찰, 신분증, 응용시스템(인쇄·사무용품), 인솔자",AI(1),https://drive.google.com/drive/folders/1Bk9k7MeoJhIINW1Fox1VAjnS_Sfef5r9?usp=sharing
38,03_AS,응용시스템(인쇄·사무용품),AS8_입금표,AS8_입금표_PANTONE,"응용시스템(인쇄·사무용품), 입금표",AI(1),https://drive.google.com/drive/folders/19uZjRyVe81fMouW9kb5dGU3rh0Bdsufd?usp=sharing
39,03_AS,응용시스템(인쇄·사무용품),AS8_입금표,AS8_입금표_CMYK,"응용시스템(인쇄·사무용품), 입금표",AI(1),https://drive.google.com/drive/folders/19uZjRyVe81fMouW9kb5dGU3rh0Bdsufd?usp=sharing
40,03_AS,응용시스템(인쇄·사무용품),AS9_비닐백,AS9_비닐백_PANTONE,"비닐백, 응용시스템(인쇄·사무용품)",AI(1),https://drive.google.com/drive/folders/193hXy0gMFXdTRuJh39pSGTv13GdFcSLS?usp=sharing
41,03_AS,응용시스템(인쇄·사무용품),AS9_비닐백,AS9_비닐백_CMYK,"비닐백, 응용시스템(인쇄·사무용품)",AI(1),https://drive.google.com/drive/folders/193hXy0gMFXdTRuJh39pSGTv13GdFcSLS?usp=sharing
42,03_AS,응용시스템(인쇄·사무용품),AS10_쇼핑백,AS10_쇼핑백_PANTONE,"쇼핑백, 응용시스템(인쇄·사무용품)",AI(1),https://drive.google.com/drive/folders/1p05fWJP_YLGLpQSu5ACCUwY_BEHewbfX?usp=sharing
43,03_AS,응용시스템(인쇄·사무용품),AS10_쇼핑백,AS10_쇼핑백_CMYK,"쇼핑백, 응용시스템(인쇄·사무용품)",AI(1),https://drive.google.com/drive/folders/1p05fWJP_YLGLpQSu5ACCUwY_BEHewbfX?usp=sharing
44,03_AS,응용시스템(인쇄·사무용품),AS11_샌딩백,AS11_샌딩백_PANTONE,"샌딩백, 응용시스템(인쇄·사무용품)",AI(1),https://drive.google.com/drive/folders/1wKx1NUeWFnl-QQ7xeMGGXZQ7ANl2_Awb?usp=sharing
45,03_AS,응용시스템(인쇄·사무용품),AS11_샌딩백,AS11_샌딩백_CMYK,"샌딩백, 응용시스템(인쇄·사무용품)",AI(1),https://drive.google.com/drive/folders/1wKx1NUeWFnl-QQ7xeMGGXZQ7ANl2_Awb?usp=sharing
46,03_AS,응용시스템(인쇄·사무용품),AS12_액체비닐백,AS12_액체비닐백_PANTONE,"액체비닐백, 응용시스템(인쇄·사무용품)",AI(1),https://drive.google.com/drive/folders/1gqpCylOVgWqQLwGHd4UKAGo9C_8VQj0V?usp=sharing
47,03_AS,응용시스템(인쇄·사무용품),AS12_액체비닐백,AS12_액체비닐백_CMYK,"액체비닐백, 응용시스템(인쇄·사무용품)",AI(1),https://drive.google.com/drive/folders/1gqpCylOVgWqQLwGHd4UKAGo9C_8VQj0V?usp=sharing
48,03_AS,응용시스템(인쇄·사무용품),AS13_네임택,AS13_네임택_PANTONE,"네임택, 응용시스템(인쇄·사무용품)",AI(1),https://drive.google.com/drive/folders/1HZaBfc1MTpTbipaVRWkjc1M5UcWt4eEy?usp=sharing
49,03_AS,응용시스템(인쇄·사무용품),AS13_네임택,AS13_네임택_CMYK,"네임택, 응용시스템(인쇄·사무용품)",AI(1),https://drive.google.com/drive/folders/1HZaBfc1MTpTbipaVRWkjc1M5UcWt4eEy?usp=sharing
50,03_AS,응용시스템(인쇄·사무용품),AS14_샌딩스티커,AS14_샌딩스티커_PANTONE,"샌딩스티커, 응용시스템(인쇄·사무용품)",AI(1),https://drive.google.com/drive/folders/1UavRAF3nddCux3SYQbGvTjkSWc0MMJEN?usp=sharing
51,03_AS,응용시스템(인쇄·사무용품),AS14_샌딩스티커,AS14_샌딩스티커_CMYK,"샌딩스티커, 응용시스템(인쇄·사무용품)",AI(1),https://drive.google.com/drive/folders/1UavRAF3nddCux3SYQbGvTjkSWc0MMJEN?usp=sharing
52,03_AS,응용시스템(인쇄·사무용품),AS15_여권커버,AS15_여권커버_PANTONE,"여권커버, 응용시스템(인쇄·사무용품)",AI(1),https://drive.google.com/drive/folders/1bH1ekEXKiBL3_IY9csL-bzPqa9dn5RJ-?usp=sharing
53,03_AS,응용시스템(인쇄·사무용품),AS15_여권커버,AS15_여권커버_CMYK,"여권커버, 응용시스템(인쇄·사무용품)",AI(1),https://drive.google.com/drive/folders/1bH1ekEXKiBL3_IY9csL-bzPqa9dn5RJ-?usp=sharing
54,03_AS,응용시스템(인쇄·사무용품),AS16_인솔깃발(삼각형),AS16_인솔깃발(삼각형)_PANTONE,"삼각형, 응용시스템(인쇄·사무용품), 인솔깃발",AI(1),https://drive.google.com/drive/folders/1K0Bq03VxkYczgBp1hZsCE38crYkcFXPS?usp=sharing
55,03_AS,응용시스템(인쇄·사무용품),AS16_인솔깃발(삼각형),AS16_인솔깃발(삼각형)_CMYK,"삼각형, 응용시스템(인쇄·사무용품), 인솔깃발",AI(1),https://drive.google.com/drive/folders/1K0Bq03VxkYczgBp1hZsCE38crYkcFXPS?usp=sharing
56,03_AS,응용시스템(인쇄·사무용품),AS17_인솔깃발(사각형),AS17_인솔깃발(사각형)_PANTONE,"사각형, 응용시스템(인쇄·사무용품), 인솔깃발",AI(1),https://drive.google.com/drive/folders/12TwmChmKAPrepjPdB-rwh-bfQf3yPLyz?usp=sharing
57,03_AS,응용시스템(인쇄·사무용품),AS17_인솔깃발(사각형),AS17_인솔깃발(사각형)_CMYK,"사각형, 응용시스템(인쇄·사무용품), 인솔깃발",AI(1),https://drive.google.com/drive/folders/12TwmChmKAPrepjPdB-rwh-bfQf3yPLyz?usp=sharing
58,03_AS,응용시스템(인쇄·사무용품),AS18_현수막(가로형·세로형),AS18_현수막(가로형·세로형)_PANTONE,"가로형, 세로형, 응용시스템(인쇄·사무용품), 현수막",AI(1),https://drive.google.com/drive/folders/1Jolf1-NJ8WLNiCkl5HZgBIrhJq2DOhMP?usp=sharing
59,03_AS,응용시스템(인쇄·사무용품),AS18_현수막(가로형·세로형),AS18_현수막(가로형·세로형)_CMYK,"가로형, 세로형, 응용시스템(인쇄·사무용품), 현수막",AI(1),https://drive.google.com/drive/folders/1Jolf1-NJ8WLNiCkl5HZgBIrhJq2DOhMP?usp=sharing
60,03_AS,응용시스템(인쇄·사무용품),AS19_현수막(정방형),AS19_현수막(정방형)_PANTONE,"응용시스템(인쇄·사무용품), 정방형, 현수막",AI(1),https://drive.google.com/drive/folders/1r26raVxAZvWMbZ8RIy0EFa-gXA3Zt0Px?usp=sharing
61,03_AS,응용시스템(인쇄·사무용품),AS19_현수막(정방형),AS19_현수막(정방형)_CMYK,"응용시스템(인쇄·사무용품), 정방형, 현수막",AI(1),https://drive.google.com/drive/folders/1r26raVxAZvWMbZ8RIy0EFa-gXA3Zt0Px?usp=sharing
62,03_AS,응용시스템(인쇄·사무용품),AS20_내부제작물상단로고가이드,AS20_내부제작물상단로고가이드_PANTONE,"내부제작물상단로고가이드, 응용시스템(인쇄·사무용품)",AI(1),https://drive.google.com/drive/folders/1jTM1kGyx56N5fM0DsZgUeIdCsA_lDDi0?usp=sharing
63,03_AS,응용시스템(인쇄·사무용품),AS20_내부제작물상단로고가이드,AS20_내부제작물상단로고가이드_CMYK,"내부제작물상단로고가이드, 응용시스템(인쇄·사무용품)",AI(1),https://drive.google.com/drive/folders/1jTM1kGyx56N5fM0DsZgUeIdCsA_lDDi0?usp=sharing
64,03_AS,응용시스템(인쇄·사무용품),AS20_내부제작물상단로고가이드,AS20_내부제작물상단로고가이드_RGB,"내부제작물상단로고가이드, 응용시스템(인쇄·사무용품)",AI(1),https://drive.google.com/drive/folders/1jTM1kGyx56N5fM0DsZgUeIdCsA_lDDi0?usp=sharing
65,03_AS,응용시스템(인쇄·사무용품),AS21_미팅보드,AS21_미팅보드_PANTONE,"미팅보드, 응용시스템(인쇄·사무용품)",AI(1),https://drive.google.com/drive/folders/1RQYwYZDeePtFaRJC04bxd2MO0Jp3z0Sy?usp=sharing
66,03_AS,응용시스템(인쇄·사무용품),AS21_미팅보드,AS21_미팅보드_CMYK,"미팅보드, 응용시스템(인쇄·사무용품)",AI(1),https://drive.google.com/drive/folders/1RQYwYZDeePtFaRJC04bxd2MO0Jp3z0Sy?usp=sharing
67,03_AS,응용시스템(인쇄·사무용품),AS22_프레젠테이션포맷,AS22_프레젠테이션포맷,프레젠테이션,PPT,https://drive.google.com/drive/folders/1aD8Hj_p-wTulVvahg916nupdQuHmGzqG?usp=sharing
68,03_AS,응용시스템(인쇄·사무용품),AS23_이메일서명,AS23_이메일서명_RGB,"응용시스템(인쇄·사무용품), 이메일서명",,https://drive.google.com/drive/folders/1Bira38izUrp3O010bb05_J4ExPkHE43I?usp=sharing
69,03_AS,응용시스템(인쇄·사무용품),AS24_차량(대형버스),AS24_차량(대형버스)_PANTONE,"대형버스, 응용시스템(인쇄·사무용품), 차량",AI(1),https://drive.google.com/drive/folders/1WVgutBCmU1n7XG9XoxrCQikEmMcpHr_D?usp=sharing
70,03_AS,응용시스템(인쇄·사무용품),AS24_차량(대형버스),AS24_차량(대형버스)_CMYK,"대형버스, 응용시스템(인쇄·사무용품), 차량",AI(1),https://drive.google.com/drive/folders/1WVgutBCmU1n7XG9XoxrCQikEmMcpHr_D?usp=sharing
71,04_AD,광고,AD1_영상광고(기본규정),AD1_영상광고(기본규정)_RGB,"광고, 기본규정, 영상광고",AI(1),https://drive.google.com/drive/folders/15Uxa2pEny3dhHeIvwU72DxvWOmBhTKsM?usp=sharing
72,04_AD,광고,AD2_영상광고(엔드태그),AD2_영상광고(엔드태그)_RGB,"광고, 엔드태그, 영상광고",AI(1),https://drive.google.com/drive/folders/1kEVvyWTce7uEfVVBS05uLjKygRlrYEI2?usp=sharing
73,04_AD,광고,AD3_하나투어광고채널별규정(인쇄홍보물),AD3_하나투어광고채널별규정(인쇄홍보물)_PANTONE,"광고, 인쇄홍보물, 하나투어광고채널별규정",AI(1),https://drive.google.com/drive/folders/1fJJ7SDewHp6n52CKnRr3gCjXhS5C1u6r?usp=sharing
74,04_AD,광고,AD3_하나투어광고채널별규정(인쇄홍보물),AD3_하나투어광고채널별규정(인쇄홍보물)_CMYK,"광고, 인쇄홍보물, 하나투어광고채널별규정",AI(1),https://drive.google.com/drive/folders/1fJJ7SDewHp6n52CKnRr3gCjXhS5C1u6r?usp=sharing
75,04_AD,광고,AD4_하나투어광고채널별규정(X배너),AD4_하나투어광고채널별규정(X배너)_PANTONE,"X배너, 광고, 하나투어광고채널별규정",AI(1),https://drive.google.com/drive/folders/1xRvA9ZqJ6jX0hgYBRMQSE70OVF9KSgYq?usp=sharing
76,04_AD,광고,AD4_하나투어광고채널별규정(X배너),AD4_하나투어광고채널별규정(X배너)_CMYK,"X배너, 광고, 하나투어광고채널별규정",AI(1),https://drive.google.com/drive/folders/1xRvA9ZqJ6jX0hgYBRMQSE70OVF9KSgYq?usp=sharing
77,04_AD,광고,AD5_하나투어광고채널별규정(미니X배너),AD5_하나투어광고채널별규정(미니X배너)_PANTONE,"광고, 미니X배너, 하나투어광고채널별규정",AI(1),https://drive.google.com/drive/folders/1QwpwX6qMn_PnbZ51UJLK1vT_jbw5euZQ?usp=sharing
78,04_AD,광고,AD5_하나투어광고채널별규정(미니X배너),AD5_하나투어광고채널별규정(미니X배너)_CMYK,"광고, 미니X배너, 하나투어광고채널별규정",AI(1),https://drive.google.com/drive/folders/1QwpwX6qMn_PnbZ51UJLK1vT_jbw5euZQ?usp=sharing
79,04_AD,광고,AD6_하나투어광고채널별규정(가로형현수막),AD6_하나투어광고채널별규정(가로형현수막)_PANTONE,"가로형현수막, 광고, 하나투어광고채널별규정",AI(1),https://drive.google.com/drive/folders/11QSXzesf-4fXzbuvVlS6b8Ow683is-Br?usp=sharing
80,04_AD,광고,AD6_하나투어광고채널별규정(가로형현수막),AD6_하나투어광고채널별규정(가로형현수막)_CMYK,"가로형현수막, 광고, 하나투어광고채널별규정",AI(1),https://drive.google.com/drive/folders/11QSXzesf-4fXzbuvVlS6b8Ow683is-Br?usp=sharing
81,04_AD,광고,AD7_하나투어광고채널별규정(세로형현수막),AD7_하나투어광고채널별규정(세로형현수막)_PANTONE,"광고, 세로형현수막, 하나투어광고채널별규정",AI(1),https://drive.google.com/drive/folders/1-p1vqWmJuuA4G7UYrrYyUMvQIlAONhyY?usp=sharing
82,04_AD,광고,AD7_하나투어광고채널별규정(세로형현수막),AD7_하나투어광고채널별규정(세로형현수막)_CMYK,"광고, 세로형현수막, 하나투어광고채널별규정",AI(1),https://drive.google.com/drive/folders/1-p1vqWmJuuA4G7UYrrYyUMvQIlAONhyY?usp=sharing
83,04_AD,광고,AD8_하나투어광고채널별규정(정방형현수막),AD8_하나투어광고채널별규정(정방형현수막)_PANTONE,"광고, 정방형현수막, 하나투어광고채널별규정",AI(1),https://drive.google.com/drive/folders/1v9A8S36qFtnZhRg_EVnbEepw9Wgb5IFD?usp=sharing
84,04_AD,광고,AD8_하나투어광고채널별규정(정방형현수막),AD8_하나투어광고채널별규정(정방형현수막)_CMYK,"광고, 정방형현수막, 하나투어광고채널별규정",AI(1),https://drive.google.com/drive/folders/1v9A8S36qFtnZhRg_EVnbEepw9Wgb5IFD?usp=sharing
85,04_AD,광고,AD10_협력사광고채널별규정(인쇄홍보물),AD10_협력사광고채널별규정(인쇄홍보물)_PANTONE,"광고, 인쇄홍보물, 협력사광고채널별규정",AI(1),https://drive.google.com/drive/folders/1jclHor2urVOjJOkJ3DFRWx0VyLSAP5IZ?usp=sharing
86,04_AD,광고,AD10_협력사광고채널별규정(인쇄홍보물),AD10_협력사광고채널별규정(인쇄홍보물)_CMYK,"광고, 인쇄홍보물, 협력사광고채널별규정",AI(1),https://drive.google.com/drive/folders/1jclHor2urVOjJOkJ3DFRWx0VyLSAP5IZ?usp=sharing
87,04_AD,광고,AD11_협력사광고채널별규정(X배너),AD11_협력사광고채널별규정(X배너)_PANTONE,"X배너, 광고, 협력사광고채널별규정",AI(1),https://drive.google.com/drive/folders/1LLiSKk5dKbyIVeOCHKDWBUOKi8CPAyCw?usp=sharing
88,04_AD,광고,AD11_협력사광고채널별규정(X배너),AD11_협력사광고채널별규정(X배너)_CMYK,"X배너, 광고, 협력사광고채널별규정",AI(1),https://drive.google.com/drive/folders/1LLiSKk5dKbyIVeOCHKDWBUOKi8CPAyCw?usp=sharing
89,04_AD,광고,AD12_협력사광고채널별규정(미니X배너),AD12_협력사광고채널별규정(미니X배너)_PANTONE,"광고, 미니X배너, 협력사광고채널별규정",AI(1),https://drive.google.com/drive/folders/1s7ZIc_QSvmp4C5fE6k5toxGpsKTtecbU?usp=sharing
90,04_AD,광고,AD12_협력사광고채널별규정(미니X배너),AD12_협력사광고채널별규정(미니X배너)_CMYK,"광고, 미니X배너, 협력사광고채널별규정",AI(1),https://drive.google.com/drive/folders/1s7ZIc_QSvmp4C5fE6k5toxGpsKTtecbU?usp=sharing
91,04_AD,광고,AD13_협력사광고채널별규정(가로형현수막),AD13_협력사광고채널별규정(가로형현수막)_PANTONE,"가로형현수막, 광고, 협력사광고채널별규정",AI(1),https://drive.google.com/drive/folders/1__6N8oQ3V_kGfH-4Sc_xr6K_pFvhaAJ9?usp=sharing
92,04_AD,광고,AD13_협력사광고채널별규정(가로형현수막),AD13_협력사광고채널별규정(가로형현수막)_CMYK,"가로형현수막, 광고, 협력사광고채널별규정",AI(1),https://drive.google.com/drive/folders/1__6N8oQ3V_kGfH-4Sc_xr6K_pFvhaAJ9?usp=sharing
93,04_AD,광고,AD14_협력사광고채널별규정(세로형현수막),AD14_협력사광고채널별규정(세로형현수막)_PANTONE,"광고, 세로형현수막, 협력사광고채널별규정",AI(1),https://drive.google.com/drive/folders/1QDHnq1hZR9hpM-5BmdTDOb1UnvnxraWO?usp=sharing
94,04_AD,광고,AD14_협력사광고채널별규정(세로형현수막),AD14_협력사광고채널별규정(세로형현수막)_CMYK,"광고, 세로형현수막, 협력사광고채널별규정",AI(1),https://drive.google.com/drive/folders/1QDHnq1hZR9hpM-5BmdTDOb1UnvnxraWO?usp=sharing
95,04_AD,광고,AD15_협력사광고채널별규정(정방형현수막),AD15_협력사광고채널별규정(정방형현수막)_PANTONE,"광고, 정방형현수막, 협력사광고채널별규정",AI(1),https://drive.google.com/drive/folders/1Cvx2smeUQkN9JOHXtZ2UWEe-tnNT5iu3?usp=sharing
96,04_AD,광고,AD15_협력사광고채널별규정(정방형현수막),AD15_협력사광고채널별규정(정방형현수막)_CMYK,"광고, 정방형현수막, 협력사광고채널별규정",AI(1),https://drive.google.com/drive/folders/1Cvx2smeUQkN9JOHXtZ2UWEe-tnNT5iu3?usp=sharing
97,05_SS,사인시스템,SS1_채널사인,SS1_채널사인_PANTONE,"사인시스템, 채널사인",AI(1),https://drive.google.com/drive/folders/13JyQy_G6Sqtgr-vkPE9Yks0tUWGKDFAZ?usp=sharing
98,05_SS,사인시스템,SS2_현판사인,SS2_현판사인_PANTONE,"사인시스템, 현판사인",AI(1),https://drive.google.com/drive/folders/16kIfYS_4EJlYtaNDpLKnPsNsJIZDWMeS?usp=sharing
99,05_SS,사인시스템,SS3_윈도우그래픽,SS3_윈도우그래픽_PANTONE,"사인시스템, 윈도우그래픽",AI(1),https://drive.google.com/drive/folders/1RgVI9cpKfhzIDfNRNE3xpDgY_7oRmJSk?usp=sharing
100,05_SS,사인시스템,SS4_실명사인,SS4_실명사인_PANTONE,"사인시스템, 실명사인",AI(1),https://drive.google.com/drive/folders/1UGDCA9y6yKfs4PWzBDxnHSQM9IZftFee?usp=sharing
101,05_SS,사인시스템,SS5_부서사인,SS5_부서사인_PANTONE,"부서사인, 사인시스템",AI(1),https://drive.google.com/drive/folders/1oD_7PWW2p8Cw_m4eI0c9I-4q-vhf-mZb?usp=sharing
102,06_DS,디지털,DS1_앱아이콘·초기화면,DS1_앱아이콘·초기화면_RGB,"디지털, 앱아이콘, 초기화면","AI(1), PNG(1)",https://drive.google.com/drive/folders/1Km-Q4AGPU49M6aAbc8bZ6f2b6G0wH-4e?usp=sharing
103,06_DS,디지털,DS2_SNS아이콘,DS2_SNS아이콘_RGB,"SNS아이콘, 디지털","AI(1), PNG(2)",https://drive.google.com/drive/folders/1TmjPojIowfE_ra8nPdG5bnVfkJZEJbN4?usp=sharing
104,06_DS,디지털,DS3_메일링포맷(고객용),DS3_메일링포맷(고객용)_RGB,"고객용, 디지털, 메일링포맷",AI(1),https://drive.google.com/drive/folders/1vUUoIddgrPr4JPBXjyBvgLzraVwWIoei?usp=sharing
105,06_DS,디지털,DS4_뉴스레터포맷(고객용),DS4_뉴스레터포맷(고객용)_RGB,"고객용, 뉴스레터포맷, 디지털",AI(1),https://drive.google.com/drive/folders/10yx0Q32L__Ys-uGYAx_yjgQNvC5OqiyG?usp=sharing
106,01_BS,기본시스템(로고·심벌·서체),BS1_공식인증예약센터BI,BS1_공식인증예약센터BI_PANTONE,"공식인증예약센터BI, 기본시스템(로고·심벌·서체)","AI(1), PNG(3)",https://drive.google.com/drive/folders/1zRkMhpqlwnyiSYOdZkzWxwwCDp7BuyAd?usp=sharing
107,01_BS,기본시스템(로고·심벌·서체),BS1_공식인증예약센터BI,BS1_공식인증예약센터BI_CMYK,"공식인증예약센터BI, 기본시스템(로고·심벌·서체)","AI(1), PNG(3)",https://drive.google.com/drive/folders/1zRkMhpqlwnyiSYOdZkzWxwwCDp7BuyAd?usp=sharing
108,01_BS,기본시스템(로고·심벌·서체),BS1_공식인증예약센터BI,BS1_공식인증예약센터BI_RGB,"공식인증예약센터BI, 기본시스템(로고·심벌·서체)","AI(1), PNG(3)",https://drive.google.com/drive/folders/1zRkMhpqlwnyiSYOdZkzWxwwCDp7BuyAd?usp=sharing
109,02_AS,응용시스템,AS1_명함,AS1_명함_PANTONE,"공식인증예약센터,대리점,명함, 응용시스템",AI(1),https://drive.google.com/drive/folders/1q4Po8NDjENMaNIrSp44Z8OyJ3OSdSfKm?usp=sharing
110,02_AS,응용시스템,AS1_명함,AS1_명함_CMYK,"공식인증예약센터,대리점,명함, 응용시스템",AI(1),https://drive.google.com/drive/folders/1q4Po8NDjENMaNIrSp44Z8OyJ3OSdSfKm?usp=sharing
111,02_AS,응용시스템,AS2_소봉투,AS2_소봉투_PANTONE,"공식인증예약센터,대리점,소봉투, 응용시스템",AI(1),https://drive.google.com/drive/folders/12uCbGNLtOoFb_03vB9pecNH6fHPlAmSG?usp=sharing
112,02_AS,응용시스템,AS2_소봉투,AS2_소봉투_CMYK,"공식인증예약센터,대리점,소봉투, 응용시스템",AI(1),https://drive.google.com/drive/folders/12uCbGNLtOoFb_03vB9pecNH6fHPlAmSG?usp=sharing
113,02_AS,응용시스템,AS3_대봉투,AS3_대봉투_PANTONE,"공식인증예약센터,대리점,대봉투, 응용시스템",AI(1),https://drive.google.com/drive/folders/15nYSL7Dhuq0Su2yuc0RCbbNcVW3GJmr0?usp=sharing
114,02_AS,응용시스템,AS3_대봉투,AS3_대봉투_CMYK,"공식인증예약센터,대리점,대봉투, 응용시스템",AI(1),https://drive.google.com/drive/folders/15nYSL7Dhuq0Su2yuc0RCbbNcVW3GJmr0?usp=sharing
115,02_AS,응용시스템,AS4_레터헤드,AS4_레터헤드_PANTONE,"공식인증예약센터,대리점,레터헤드, 응용시스템",AI(1),https://drive.google.com/drive/folders/1-1xsXoVGXyVfeO-Id6em0NyalIO5DFb-?usp=sharing
116,02_AS,응용시스템,AS4_레터헤드,AS4_레터헤드_CMYK,"공식인증예약센터,대리점,레터헤드, 응용시스템",AI(1),https://drive.google.com/drive/folders/1-1xsXoVGXyVfeO-Id6em0NyalIO5DFb-?usp=sharing
117,02_AS,응용시스템,AS5_팩스커버용지,AS5_팩스커버용지_CMYK,"공식인증예약센터,대리점,응용시스템, 팩스커버용지",AI(1),https://drive.google.com/drive/folders/1W7lohPh110huQpnxnZTkoFsKVebpKTXr?usp=sharing
118,02_AS,응용시스템,AS6_명찰,AS6_명찰_PANTONE,"공식인증예약센터,대리점,명찰, 응용시스템",AI(1),https://drive.google.com/drive/folders/1ZPglSGhKLyt06njM7BlU27xA9cGHXKzE?usp=sharing
119,02_AS,응용시스템,AS6_명찰,AS6_명찰_CMYK,"공식인증예약센터,대리점,명찰, 응용시스템",AI(1),https://drive.google.com/drive/folders/1ZPglSGhKLyt06njM7BlU27xA9cGHXKzE?usp=sharing
120,02_AS,응용시스템,AS7_신분증,AS7_신분증_PANTONE,"공식인증예약센터,대리점,신분증, 응용시스템",AI(1),https://drive.google.com/drive/folders/13DBYCreJpxI-TKFrx5jUOB0LQkHTfkMu?usp=sharing
121,02_AS,응용시스템,AS7_신분증,AS7_신분증_CMYK,"공식인증예약센터,대리점,신분증, 응용시스템",AI(1),https://drive.google.com/drive/folders/13DBYCreJpxI-TKFrx5jUOB0LQkHTfkMu?usp=sharing
122,02_AS,응용시스템,AS8_쇼핑백,AS8_쇼핑백_PANTONE,"공식인증예약센터,대리점,쇼핑백, 응용시스템",AI(1),https://drive.google.com/drive/folders/18BPnC_qH8R1nXZsVAZZVrrOWy4J8617e?usp=sharing
123,02_AS,응용시스템,AS8_쇼핑백,AS8_쇼핑백_CMYK,"공식인증예약센터,대리점,쇼핑백, 응용시스템",AI(1),https://drive.google.com/drive/folders/18BPnC_qH8R1nXZsVAZZVrrOWy4J8617e?usp=sharing
124,02_AS,응용시스템,AS9_차량(일반승용차),AS9_차량(일반승용차)_PANTONE,"공식인증예약센터,대리점,응용시스템, 일반승용차, 차량",AI(1),https://drive.google.com/drive/folders/15wswlJvNeP-BQQgyetzkddYwJqHgWGoY?usp=sharing
125,02_AS,응용시스템,AS9_차량(일반승용차),AS9_차량(일반승용차)_CMYK,"공식인증예약센터,대리점,응용시스템, 일반승용차, 차량",AI(1),https://drive.google.com/drive/folders/15wswlJvNeP-BQQgyetzkddYwJqHgWGoY?usp=sharing
126,03_AS,응용시스템(인쇄·사무용품),AD1_광고·인쇄홍보물,AD1_광고·인쇄홍보물_PANTONE,"공식인증예약센터,대리점,광고, 응용시스템(인쇄·사무용품), 인쇄홍보물",AI(1),https://drive.google.com/drive/folders/1UjXmwnl0IvJbLgoX3d2OnjaB-hRrfZTe?usp=sharing
127,03_AS,응용시스템(인쇄·사무용품),AD1_광고·인쇄홍보물,AD1_광고·인쇄홍보물_CMYK,"공식인증예약센터,대리점,광고, 응용시스템(인쇄·사무용품), 인쇄홍보물",AI(1),https://drive.google.com/drive/folders/1UjXmwnl0IvJbLgoX3d2OnjaB-hRrfZTe?usp=sharing
128,03_AS,응용시스템(인쇄·사무용품),AD2_현수막(가로형),AD2_현수막(가로형)_PANTONE,"공식인증예약센터,대리점,가로형, 응용시스템(인쇄·사무용품), 현수막",AI(1),https://drive.google.com/drive/folders/1HVRworz_5PVJdtFet5JRqnWTls-IZw0J?usp=sharing
129,03_AS,응용시스템(인쇄·사무용품),AD2_현수막(가로형),AD2_현수막(가로형)_CMYK,"공식인증예약센터,대리점,가로형, 응용시스템(인쇄·사무용품), 현수막",AI(1),https://drive.google.com/drive/folders/1HVRworz_5PVJdtFet5JRqnWTls-IZw0J?usp=sharing
130,03_AS,응용시스템(인쇄·사무용품),AD3_현수막(정방형),AD3_현수막(정방형)_PANTONE,"공식인증예약센터,대리점,응용시스템(인쇄·사무용품), 정방형, 현수막",AI(1),https://drive.google.com/drive/folders/1hwrrH0QacswyD1PYgfjt7u5qdM2e1kCa?usp=sharing
131,03_AS,응용시스템(인쇄·사무용품),AD3_현수막(정방형),AD3_현수막(정방형)_CMYK,"공식인증예약센터,대리점,응용시스템(인쇄·사무용품), 정방형, 현수막",AI(1),https://drive.google.com/drive/folders/1hwrrH0QacswyD1PYgfjt7u5qdM2e1kCa?usp=sharing
132,03_AS,응용시스템(인쇄·사무용품),AD4_X배너(분할형),AD4_X배너(분할형)_PANTONE,"공식인증예약센터,대리점,X배너, 분할형, 응용시스템(인쇄·사무용품)",AI(1),https://drive.google.com/drive/folders/1t6mna9ReyXDdivpo52I6igBQSNRIzwkd?usp=sharing
133,03_AS,응용시스템(인쇄·사무용품),AD4_X배너(분할형),AD4_X배너(분할형)_CMYK,"공식인증예약센터,대리점,X배너, 분할형, 응용시스템(인쇄·사무용품)",AI(1),https://drive.google.com/drive/folders/1t6mna9ReyXDdivpo52I6igBQSNRIzwkd?usp=sharing
134,03_AS,응용시스템(인쇄·사무용품),AD5_X배너(모티브분할형),AD5_X배너(모티브분할형)_PANTONE,"공식인증예약센터,대리점,X배너, 모티브분할형, 응용시스템(인쇄·사무용품)",AI(1),https://drive.google.com/drive/folders/1JZLt6iA0XUGarrEYlQlwzw3LaOQFAdzA?usp=sharing
135,03_AS,응용시스템(인쇄·사무용품),AD5_X배너(모티브분할형),AD5_X배너(모티브분할형)_CMYK,"공식인증예약센터,대리점,X배너, 모티브분할형, 응용시스템(인쇄·사무용품)",AI(1),https://drive.google.com/drive/folders/1JZLt6iA0XUGarrEYlQlwzw3LaOQFAdzA?usp=sharing
136,03_AS,응용시스템(인쇄·사무용품),AD6_X배너(전체이미지형),AD6_X배너(전체이미지형)_PANTONE,"공식인증예약센터,대리점,X배너, 응용시스템(인쇄·사무용품), 전체이미지형",AI(1),https://drive.google.com/drive/folders/1kdG8KPTGIaPUMbGUtPHKiXN13ayyVRuJ?usp=sharing
137,03_AS,응용시스템(인쇄·사무용품),AD6_X배너(전체이미지형),AD6_X배너(전체이미지형)_CMYK,"공식인증예약센터,대리점,X배너, 응용시스템(인쇄·사무용품), 전체이미지형",AI(1),https://drive.google.com/drive/folders/1kdG8KPTGIaPUMbGUtPHKiXN13ayyVRuJ?usp=sharing
138,03_AS,응용시스템(인쇄·사무용품),AD7_X배너(하나투어로고형),AD7_X배너(하나투어로고형)_PANTONE,"공식인증예약센터,대리점,X배너, 응용시스템(인쇄·사무용품), 하나투어로고형",AI(1),https://drive.google.com/drive/folders/1hi7FW-YHXagByAh39C65ueRZUVt81LHb?usp=sharing
139,03_AS,응용시스템(인쇄·사무용품),AD7_X배너(하나투어로고형),AD7_X배너(하나투어로고형)_CMYK,"공식인증예약센터,대리점,X배너, 응용시스템(인쇄·사무용품), 하나투어로고형",AI(1),https://drive.google.com/drive/folders/1hi7FW-YHXagByAh39C65ueRZUVt81LHb?usp=sharing
140,03_AS,응용시스템(인쇄·사무용품),AD8_미니X배너(하나투어로고형),AD8_미니X배너(하나투어로고형)_PANTONE,"공식인증예약센터,대리점,미니X배너, 응용시스템(인쇄·사무용품), 하나투어로고형",AI(1),https://drive.google.com/drive/folders/1ZBYvhToqWpf3qtANDewFqqLURpIYJ6LY?usp=sharing
141,03_AS,응용시스템(인쇄·사무용품),AD8_미니X배너(하나투어로고형),AD8_미니X배너(하나투어로고형)_CMYK,"공식인증예약센터,대리점,미니X배너, 응용시스템(인쇄·사무용품), 하나투어로고형",AI(1),https://drive.google.com/drive/folders/1ZBYvhToqWpf3qtANDewFqqLURpIYJ6LY?usp=sharing
142,03_AS,응용시스템(인쇄·사무용품),AD9_멀티미디어(가로형),AD9_멀티미디어(가로형)_RGB,"공식인증예약센터,대리점,가로형, 멀티미디어, 응용시스템(인쇄·사무용품)",AI(1),https://drive.google.com/drive/folders/1M3o9B3B0wlcwjZmdM9BAxdih1jadLHoX?usp=sharing
143,03_AS,응용시스템(인쇄·사무용품),AD10_멀티미디어(세로형),AD10_멀티미디어(세로형)_RGB,"공식인증예약센터,대리점,멀티미디어, 세로형, 응용시스템(인쇄·사무용품)",AI(1),https://drive.google.com/drive/folders/1B5b7ZYhV5ogxmm9lOwbEO7OxMJYdQZCJ?usp=sharing
144,03_AS,응용시스템(인쇄·사무용품),AD11_멀티미디어(해상도별레이아웃),AD11_멀티미디어(해상도별레이아웃)_RGB,"공식인증예약센터,대리점,멀티미디어, 응용시스템(인쇄·사무용품), 해상도별레이아웃",AI(1),https://drive.google.com/drive/folders/1ywvQsXaJ3WY0l_xkIIzeGLS8PERDC5bK?usp=sharing
145,03_AS,응용시스템(인쇄·사무용품),AD12_온라인·모바일,AD12_온라인·모바일_RGB,"공식인증예약센터,대리점,모바일, 온라인, 응용시스템(인쇄·사무용품)",AI(1),https://drive.google.com/drive/folders/1D66sTk7A-uGjDe5pM1Q8IZ1cwxRzrQZ4?usp=sharing
146,04_SS,사인시스템,SS2_현판사인,SS2_현판사인_PANTONE,"공식인증예약센터,대리점,사인시스템, 현판사인",AI(1),https://drive.google.com/drive/folders/1HCYZyPvz4fchMjm1iNACvjebCsWTATzH?usp=sharing
147,04_SS,사인시스템,SS3_윈도우그래픽,SS3_윈도우그래픽_PANTONE,"공식인증예약센터,대리점,사인시스템, 윈도우그래픽",AI(2),https://drive.google.com/drive/folders/1NxNU9f1mCEvl-iNLpDhpWEiFBPmhzIo3?usp=sharing
148,04_SS,사인시스템,SS4_윈도우그래픽상단,SS4_윈도우그래픽상단_PANTONE,"공식인증예약센터,대리점,사인시스템, 윈도우그래픽상단",AI(2),https://drive.google.com/drive/folders/1YZIQnZ_cCsBPOhuQJPhoHWpLuzrxOlcp?usp=sharing
149,04_SS,사인시스템,SS5_이미지월,SS5_이미지월_PANTONE,"공식인증예약센터,대리점,사인시스템, 이미지월",AI(1),https://drive.google.com/drive/folders/1xT8OpAgsEQygJJTAZcO_QhpEHxPyM0vH?usp=sharing
150,04_SS,사인시스템,SS6_층별안내,SS6_층별안내_PANTONE,"공식인증예약센터,대리점,사인시스템, 층별안내",AI(1),https://drive.google.com/drive/folders/1uaiwvlKzzjQlvziHLaFztFgliRzr68Fl?usp=sharing
151,04_SS,사인시스템,SS7_간판사인용조합형로고,SS7_간판사인용조합형로고_PANTONE,"공식인증예약센터,대리점,간판사인용조합형로고, 사인시스템",AI(1),https://drive.google.com/drive/folders/19XFqPVdm6fDGHIS-0s4OMfwk4h6WV0hr?usp=sharing
152,04_SS,사인시스템,SS8_간판(조명돌출형),SS8_간판(조명돌출형)_PANTONE,"공식인증예약센터,대리점,간판, 사인시스템, 조명돌출형",AI(1),https://drive.google.com/drive/folders/1ttLobWsunB0a2pP4B91Tg7y1VeiQGqNR?usp=sharing
153,04_SS,사인시스템,SS9_간판(가로입체판류형),SS9_간판(가로입체판류형)_PANTONE,"공식인증예약센터,대리점,가로입체판류형, 간판, 사인시스템",AI(1),https://drive.google.com/drive/folders/1ee4cCPtZNzK5GDcCAly4GuE6L_TCJ0va?usp=sharing
154,04_SS,사인시스템,SS10_간판(가로대형판류형),SS10_간판(가로대형판류형)_PANTONE,"공식인증예약센터,대리점,가로대형판류형, 간판, 사인시스템",AI(1),https://drive.google.com/drive/folders/123NMjsve-zaRKyLrT4sxAuVEsgCbhPts?usp=sharing
155,04_SS,사인시스템,SS11_간판(가로곡선판류형),SS11_간판(가로곡선판류형)_PANTONE,"공식인증예약센터,대리점,가로곡선판류형, 간판, 사인시스템",AI(1),https://drive.google.com/drive/folders/1BARXMOWHj5LvG_5ZTKw-TyCh8Gj5NzIk?usp=sharing
156,04_SS,사인시스템,SS12_간판(가로입체BAR형),SS12_간판(가로입체BAR형)_PANTONE,"공식인증예약센터,대리점,가로입체BAR형, 간판, 사인시스템",AI(1),https://drive.google.com/drive/folders/1KemxfSBxtFGvH_NlhKxXmtOP4Spm-THq?usp=sharing
157,04_SS,사인시스템,SS13_간판(세로플렉스형),SS13_간판(세로플렉스형)_PANTONE,"공식인증예약센터,대리점,간판, 사인시스템, 세로플렉스형",AI(1),https://drive.google.com/drive/folders/198qYTWRj2sZnjyy5HLVPkF5-jyPEss_s?usp=sharing
158,01_해외지사,해외지사,AS1_명함,AS1_명함_PANTONE,"명함, 해외지사",AI(1),https://drive.google.com/drive/folders/1XvQrC7xDDvIKD4Uutu34D7P6VpdW11yx?usp=sharing
159,01_해외지사,해외지사,AS1_명함,AS1_명함_CMYK,"명함, 해외지사",AI(1),https://drive.google.com/drive/folders/1XvQrC7xDDvIKD4Uutu34D7P6VpdW11yx?usp=sharing
160,01_해외지사,해외지사,AS2_소봉투,AS2_소봉투_PANTONE,"소봉투, 해외지사",AI(1),https://drive.google.com/drive/folders/1QuFYrNagdFrVp2xVomg-rSVH9I8gCPEN?usp=sharing
161,01_해외지사,해외지사,AS2_소봉투,AS2_소봉투_CMYK,"소봉투, 해외지사",AI(1),https://drive.google.com/drive/folders/1QuFYrNagdFrVp2xVomg-rSVH9I8gCPEN?usp=sharing
162,01_해외지사,해외지사,AS3_대봉투,AS3_대봉투_CMYK,"대봉투, 해외지사",AI(1),https://drive.google.com/drive/folders/1_JWdHzrF73lOAbjA6XgGfilduOZyavMd?usp=sharing
163,01_해외지사,해외지사,AS4_레터헤드,AS4_레터헤드_PANTONE,"레터헤드, 해외지사",AI(1),https://drive.google.com/drive/folders/1QXoQHpMYwKWwu6elAmzM4vsTx6LCtszj?usp=sharing
164,01_해외지사,해외지사,AS4_레터헤드,AS4_레터헤드_CMYK,"레터헤드, 해외지사",AI(1),https://drive.google.com/drive/folders/1QXoQHpMYwKWwu6elAmzM4vsTx6LCtszj?usp=sharing
165,01_해외지사,해외지사,AS5_팩스커버용지,AS5_팩스커버용지_CMYK,"팩스커버용지, 해외지사",AI(1),https://drive.google.com/drive/folders/138pdxA6ztG874qJz1VHoClGR7v88qzPd?usp=sharing
166,01_해외지사,해외지사,AS6_인보이스양식,AS6_인보이스양식_PANTONE,"인보이스양식, 해외지사",AI(1),https://drive.google.com/drive/folders/1wJfZiwlAQoKj1E-RPE5nMRQuxv6jhOHh?usp=sharing
167,01_해외지사,해외지사,AS6_인보이스양식,AS6_인보이스양식_CMYK,"인보이스양식, 해외지사",AI(1),https://drive.google.com/drive/folders/1wJfZiwlAQoKj1E-RPE5nMRQuxv6jhOHh?usp=sharing
168,01_해외지사,해외지사,AS7_입금표,AS7_입금표_PANTONE,"입금표, 해외지사",AI(1),https://drive.google.com/drive/folders/1x6ElNaBlqEYm8CrGy3CQYk1A7hnBkD3_?usp=sharing
169,01_해외지사,해외지사,AS7_입금표,AS7_입금표_CMYK,"입금표, 해외지사",AI(1),https://drive.google.com/drive/folders/1x6ElNaBlqEYm8CrGy3CQYk1A7hnBkD3_?usp=sharing
170,01_해외지사,해외지사,AS8_쇼핑백,AS8_쇼핑백_PANTONE,"쇼핑백, 해외지사",AI(1),https://drive.google.com/drive/folders/1PsDr_wEEKxjpKbleMMfDh3kaRRunALcO?usp=sharing
171,01_해외지사,해외지사,AS8_쇼핑백,AS8_쇼핑백_CMYK,"쇼핑백, 해외지사",AI(1),https://drive.google.com/drive/folders/1PsDr_wEEKxjpKbleMMfDh3kaRRunALcO?usp=sharing
172,01_해외지사,해외지사,AS9_미팅보드,AS9_미팅보드_PANTONE,"미팅보드, 해외지사",AI(1),https://drive.google.com/drive/folders/1k3091EZAEgJh7N3lbkBhQZcg00JJtlrt?usp=sharing
173,01_해외지사,해외지사,AS9_미팅보드,AS9_미팅보드_CMYK,"미팅보드, 해외지사",AI(1),https://drive.google.com/drive/folders/1k3091EZAEgJh7N3lbkBhQZcg00JJtlrt?usp=sharing
174,01_해외지사,해외지사,AD1_광고·인쇄홍보물,AD1_광고·인쇄홍보물_PANTONE,"광고, 인쇄홍보물, 해외지사",AI(1),https://drive.google.com/drive/folders/1uZik-Xb94Zg_nMIm_s-uyvwfGD0ZkaCl?usp=sharing
175,01_해외지사,해외지사,AD1_광고·인쇄홍보물,AD1_광고·인쇄홍보물_CMYK,"광고, 인쇄홍보물, 해외지사",AI(1),https://drive.google.com/drive/folders/1uZik-Xb94Zg_nMIm_s-uyvwfGD0ZkaCl?usp=sharing
176,01_해외지사,해외지사,AD2_현수막(가로형),AD2_현수막(가로형)_PANTONE,"가로형, 해외지사, 현수막",AI(1),https://drive.google.com/drive/folders/1vuICGB-9SKI-8udvfofEPzLy8iybdz-Q?usp=sharing
177,01_해외지사,해외지사,AD2_현수막(가로형),AD2_현수막(가로형)_CMYK,"가로형, 해외지사, 현수막",AI(1),https://drive.google.com/drive/folders/1vuICGB-9SKI-8udvfofEPzLy8iybdz-Q?usp=sharing
178,01_해외지사,해외지사,AD3_현수막(세로형),AD3_현수막(세로형)_PANTONE,"세로형, 해외지사, 현수막",AI(1),https://drive.google.com/drive/folders/1xCcWaMxZFPWmJ7I0Zo1HUeYEwZaAfkaA?usp=sharing
179,01_해외지사,해외지사,AD3_현수막(세로형),AD3_현수막(세로형)_CMYK,"세로형, 해외지사, 현수막",AI(1),https://drive.google.com/drive/folders/1xCcWaMxZFPWmJ7I0Zo1HUeYEwZaAfkaA?usp=sharing
180,01_해외지사,해외지사,AD4_현수막(정방형),AD4_현수막(정방형)_PANTONE,"정방형, 해외지사, 현수막",AI(1),https://drive.google.com/drive/folders/1ut54RDd5_tO8iZ5Icld-c6ycvfD7xGY9?usp=sharing
181,01_해외지사,해외지사,AD4_현수막(정방형),AD4_현수막(정방형)_CMYK,"정방형, 해외지사, 현수막",AI(1),https://drive.google.com/drive/folders/1ut54RDd5_tO8iZ5Icld-c6ycvfD7xGY9?usp=sharing
182,01_해외지사,해외지사,AD5_ X배너(기본형),AD5_ X배너(기본형)_PANTONE,"X배너, 기본형, 해외지사",AI(1),https://drive.google.com/drive/folders/1mb8vxBgEKPCRGPkXgSnTwHH2qibpMJQH?usp=sharing
183,01_해외지사,해외지사,AD5_ X배너(기본형),AD5_ X배너(기본형)_CMYK,"X배너, 기본형, 해외지사",AI(1),https://drive.google.com/drive/folders/1mb8vxBgEKPCRGPkXgSnTwHH2qibpMJQH?usp=sharing
184,01_해외지사,해외지사,AD6_X배너(모티브형),AD6_X배너(모티브형)_PANTONE,"X배너, 모티브형, 해외지사",AI(1),https://drive.google.com/drive/folders/1hJcKc9oYW_j22mFf4EwR6umo6W71GNN4?usp=sharing
185,01_해외지사,해외지사,AD6_X배너(모티브형),AD6_X배너(모티브형)_CMYK,"X배너, 모티브형, 해외지사",AI(1),https://drive.google.com/drive/folders/1hJcKc9oYW_j22mFf4EwR6umo6W71GNN4?usp=sharing
186,01_해외지사,해외지사,SS1_해외지사설치물로고,SS1_해외지사설치물로고_PANTONE,"해외지사, 해외지사설치물로고",AI(1),https://drive.google.com/drive/folders/1r_m8XmP6BIWHvJRGkf3_tmYhfniLrUE2?usp=sharing
187,01_해외지사,해외지사,SS1_해외지사설치물로고,SS1_해외지사설치물로고_CMYK,"해외지사, 해외지사설치물로고",AI(1),https://drive.google.com/drive/folders/1r_m8XmP6BIWHvJRGkf3_tmYhfniLrUE2?usp=sharing
188,01_해외지사,해외지사,SS2_현판사인,SS2_현판사인_PANTONE,"해외지사, 현판사인",AI(1),https://drive.google.com/drive/folders/1qLbCDwB0J3WFHTgvy5taHmLJahfbbg2I?usp=sharing
189,01_해외지사,해외지사,SS2_현판사인,SS2_현판사인_CMYK,"해외지사, 현판사인",AI(1),https://drive.google.com/drive/folders/1qLbCDwB0J3WFHTgvy5taHmLJahfbbg2I?usp=sharing
190,01_해외지사,해외지사,SS3_윈도우그래픽,SS3_윈도우그래픽_PANTONE,"윈도우그래픽, 해외지사",AI(3),https://drive.google.com/drive/folders/1mItClDkRDHyrdUXWDoA_ULCL6_C9wE1K?usp=sharing
191,01_해외지사,해외지사,SS4_이미지월,SS4_이미지월_PANTONE,"이미지월, 해외지사",AI(1),https://drive.google.com/drive/folders/1qg16HloPeDrfrMCpxahsPazwj0H-NZ6w?usp=sharing
192,02_DMC,DMC,AS1_명함,AS1_명함_PANTONE,"DMC, 명함",AI(1),https://drive.google.com/drive/folders/1cGX8Cw_ixnkA7HajbsjEE5bGB1686BgH?usp=sharing
193,02_DMC,DMC,AS1_명함,AS1_명함_CMYK,"DMC, 명함",AI(1),https://drive.google.com/drive/folders/1cGX8Cw_ixnkA7HajbsjEE5bGB1686BgH?usp=sharing
194,02_DMC,DMC,AS2_미팅보드,AS2_미팅보드_PANTONE,"DMC, 미팅보드",AI(1),https://drive.google.com/drive/folders/1cGX8Cw_ixnkA7HajbsjEE5bGB1686BgH?usp=sharing
195,02_DMC,DMC,AS2_미팅보드,AS2_미팅보드_CMYK,"DMC, 미팅보드",AI(1),https://drive.google.com/drive/folders/1cGX8Cw_ixnkA7HajbsjEE5bGB1686BgH?usp=sharing
196,02_DMC,DMC,AS3_전용석명패,AS3_전용석명패_PANTONE,"DMC, 전용석명패",AI(1),https://drive.google.com/drive/folders/1HIGxwqdhQ86iNNvGTC4xDfjc9hjRZwOH?usp=sharing
197,02_DMC,DMC,AS3_전용석명패,AS3_전용석명패_CMYK,"DMC, 전용석명패",AI(1),https://drive.google.com/drive/folders/1HIGxwqdhQ86iNNvGTC4xDfjc9hjRZwOH?usp=sharing
198,02_DMC,DMC,AS4_명찰(가이드),AS4_명찰(가이드)_PANTONE,"DMC, 가이드, 명찰",AI(1),https://drive.google.com/drive/folders/11WrFK0V0YBtWTREQ1twXihA8mWTOAwtl?usp=sharing
199,02_DMC,DMC,AS4_명찰(가이드),AS4_명찰(가이드)_CMYK,"DMC, 가이드, 명찰",AI(1),https://drive.google.com/drive/folders/11WrFK0V0YBtWTREQ1twXihA8mWTOAwtl?usp=sharing
200,02_DMC,DMC,AS5_명찰(스타가이드),AS5_명찰(스타가이드)_PANTONE,"DMC, 명찰, 스타가이드",AI(1),https://drive.google.com/drive/folders/1Wch7-cnv8t3uc7ty-g2ABnCTD_n6WnAh?usp=sharing
201,02_DMC,DMC,AS5_명찰(스타가이드),AS5_명찰(스타가이드)_CMYK,"DMC, 명찰, 스타가이드",AI(1),https://drive.google.com/drive/folders/1Wch7-cnv8t3uc7ty-g2ABnCTD_n6WnAh?usp=sharing
202,02_DMC,DMC,AS6_명찰(스타인솔자),AS6_명찰(스타인솔자)_PANTONE,"DMC, 명찰, 스타인솔자",AI(1),https://drive.google.com/drive/folders/1nOjs7Qxa1xQcKlPgwTYIt-iDpJfRJqQ3?usp=sharing
203,02_DMC,DMC,AS6_명찰(스타인솔자),AS6_명찰(스타인솔자)_CMYK,"DMC, 명찰, 스타인솔자",AI(1),https://drive.google.com/drive/folders/1nOjs7Qxa1xQcKlPgwTYIt-iDpJfRJqQ3?usp=sharing
204,02_DMC,DMC,AS7_가이드넥타이,AS7_가이드넥타이_CMYK,"DMC, 가이드넥타이",AI(1),https://drive.google.com/drive/folders/191RkBOhzgt7SNcV8VR2Kusgv-aVAaV1A?usp=sharing
205,02_DMC,DMC,AS8_가이드티셔츠(반팔),AS8_가이드티셔츠(반팔)_PANTONE,"DMC, 가이드티셔츠, 반팔",AI(1),https://drive.google.com/drive/folders/1m7ph7YHeqE3MFb7eBVFp-i3__jb3Xk7f?usp=sharing
206,02_DMC,DMC,AS8_가이드티셔츠(반팔),AS8_가이드티셔츠(반팔)_CMYK,"DMC, 가이드티셔츠, 반팔",AI(1),https://drive.google.com/drive/folders/1m7ph7YHeqE3MFb7eBVFp-i3__jb3Xk7f?usp=sharing
207,02_DMC,DMC,AS9_가이드티셔츠(긴팔),AS9_가이드티셔츠(긴팔)_PANTONE,"DMC, 가이드티셔츠, 긴팔",AI(1),https://drive.google.com/drive/folders/1Df92rZm1sC1wjF-QXthHJOGMEIoKm9X6?usp=sharing
208,02_DMC,DMC,AS9_가이드티셔츠(긴팔),AS9_가이드티셔츠(긴팔)_CMYK,"DMC, 가이드티셔츠, 긴팔",AI(1),https://drive.google.com/drive/folders/1Df92rZm1sC1wjF-QXthHJOGMEIoKm9X6?usp=sharing
209,02_DMC,DMC,AS10_네임택목걸이(인솔자전용),AS10_네임택목걸이(인솔자전용)_PANTONE,"DMC, 네임택목걸이, 인솔자전용",AI(1),https://drive.google.com/drive/folders/1sq9bsv27VJpm7sNuorhFL2xNGeAiWVNx?usp=sharing
210,02_DMC,DMC,AS10_네임택목걸이(인솔자전용),AS10_네임택목걸이(인솔자전용)_CMYK,"DMC, 네임택목걸이, 인솔자전용",AI(1),https://drive.google.com/drive/folders/1sq9bsv27VJpm7sNuorhFL2xNGeAiWVNx?usp=sharing
211,02_DMC,DMC,AS11_네임택목걸이(고객전용),AS11_네임택목걸이(고객전용)_PANTONE,"DMC, 고객전용, 네임택목걸이",AI(1),https://drive.google.com/drive/folders/1mQvTirFbffEX011YA7i_kOPh_5s3Ssne?usp=sharing
212,02_DMC,DMC,AS11_네임택목걸이(고객전용),AS11_네임택목걸이(고객전용)_CMYK,"DMC, 고객전용, 네임택목걸이",AI(1),https://drive.google.com/drive/folders/1mQvTirFbffEX011YA7i_kOPh_5s3Ssne?usp=sharing
213,02_DMC,DMC,AS12_네임택목걸이끈,AS12_네임택목걸이끈_PANTONE,"DMC, 네임택목걸이끈",AI(1),https://drive.google.com/drive/folders/1Q0Zbr9SNcCQU-F5lGKci72ghrC7lC03i?usp=sharing
214,02_DMC,DMC,AS12_네임택목걸이끈,AS12_네임택목걸이끈_CMYK,"DMC, 네임택목걸이끈",AI(1),https://drive.google.com/drive/folders/1Q0Zbr9SNcCQU-F5lGKci72ghrC7lC03i?usp=sharing
215,02_DMC,DMC,AS13_수저받침,AS13_수저받침_PANTONE,"DMC, 수저받침",AI(1),https://drive.google.com/drive/folders/11p-lEtlSz_40OwBm07SXOdu0jgtDfuCk?usp=sharing
216,02_DMC,DMC,AS13_수저받침,AS13_수저받침_CMYK,"DMC, 수저받침",AI(1),https://drive.google.com/drive/folders/11p-lEtlSz_40OwBm07SXOdu0jgtDfuCk?usp=sharing
217,02_DMC,DMC,AS14_테이블매트,AS14_테이블매트_PANTONE,"DMC, 테이블매트",AI(1),https://drive.google.com/drive/folders/1MD9oMSON5jlRTh-d6s-KSkwI9jqzzLzo?usp=sharing
218,02_DMC,DMC,AS14_테이블매트,AS14_테이블매트_CMYK,"DMC, 테이블매트",AI(1),https://drive.google.com/drive/folders/1MD9oMSON5jlRTh-d6s-KSkwI9jqzzLzo?usp=sharing
219,02_DMC,DMC,AS15_감사카드,AS15_감사카드_PANTONE,"DMC, 감사카드",AI(1),https://drive.google.com/drive/folders/1mQFNJCAX6Xgla0U_PrlkPM59w1zTvlJ8?usp=sharing
220,02_DMC,DMC,AS15_감사카드,AS15_감사카드_CMYK,"DMC, 감사카드",AI(1),https://drive.google.com/drive/folders/1mQFNJCAX6Xgla0U_PrlkPM59w1zTvlJ8?usp=sharing
221,02_DMC,DMC,AS16_축하카드,AS16_축하카드_PANTONE,"DMC, 축하카드",AI(1),https://drive.google.com/drive/folders/1VES38Oi4vrC2uMfxfEUGECBsNwGBWZ1x?usp=sharing
222,02_DMC,DMC,AS16_축하카드,AS16_축하카드_CMYK,"DMC, 축하카드",AI(1),https://drive.google.com/drive/folders/1VES38Oi4vrC2uMfxfEUGECBsNwGBWZ1x?usp=sharing
223,02_DMC,DMC,AS17_카드봉투,AS17_카드봉투_PANTONE,"DMC, 카드봉투",AI(1),https://drive.google.com/drive/folders/1W9GhgZbSnVkZ45RIINkzZ4fISRnuSUU5?usp=sharing
224,02_DMC,DMC,AS17_카드봉투,AS17_카드봉투_CMYK,"DMC, 카드봉투",AI(1),https://drive.google.com/drive/folders/1W9GhgZbSnVkZ45RIINkzZ4fISRnuSUU5?usp=sharing
225,02_DMC,DMC,AD1_현수막(가로형),AD1_현수막(가로형)_PANTONE,"DMC, 가로형, 현수막",AI(1),https://drive.google.com/drive/folders/1jP9llbcKku4xlJ16sEKwmhDhS6hGxVB5?usp=sharing
226,02_DMC,DMC,AD1_현수막(가로형),AD1_현수막(가로형)_CMYK,"DMC, 가로형, 현수막",AI(1),https://drive.google.com/drive/folders/1jP9llbcKku4xlJ16sEKwmhDhS6hGxVB5?usp=sharing
227,02_DMC,DMC,AD2_현수막(협력사가로형),AD2_현수막(협력사가로형)_PANTONE,"DMC, 현수막, 협력사가로형",AI(1),https://drive.google.com/drive/folders/1kpp5yNds_JsKHzjcgBa0uOUoSAkzRWd4?usp=sharing
228,02_DMC,DMC,AD2_현수막(협력사가로형),AD2_현수막(협력사가로형)_CMYK,"DMC, 현수막, 협력사가로형",AI(1),https://drive.google.com/drive/folders/1kpp5yNds_JsKHzjcgBa0uOUoSAkzRWd4?usp=sharing
229,02_DMC,DMC,AD3_현수막(정방형),AD3_현수막(정방형)_PANTONE,"DMC, 정방형, 현수막",AI(1),https://drive.google.com/drive/folders/1MDEm6lTGioL3NfLImqJYZrMqaLPRBNYt?usp=sharing
230,02_DMC,DMC,AD3_현수막(정방형),AD3_현수막(정방형)_CMYK,"DMC, 정방형, 현수막",AI(1),https://drive.google.com/drive/folders/1MDEm6lTGioL3NfLImqJYZrMqaLPRBNYt?usp=sharing
231,02_DMC,DMC,AD4_현수막(협력사정방형),AD4_현수막(협력사정방형)_PANTONE,"DMC, 현수막, 협력사정방형",AI(1),https://drive.google.com/drive/folders/1keOSic-l5lA_O_VdlgCnGSzDyy2Nu3CC?usp=sharing
232,02_DMC,DMC,AD4_현수막(협력사정방형),AD4_현수막(협력사정방형)_CMYK,"DMC, 현수막, 협력사정방형",AI(1),https://drive.google.com/drive/folders/1keOSic-l5lA_O_VdlgCnGSzDyy2Nu3CC?usp=sharing
233,02_DMC,DMC,AD5_X배너(기본형),AD5_X배너(기본형)_PANTONE,"DMC, X배너, 기본형",AI(1),https://drive.google.com/drive/folders/1XJJ89WKd7AJhXVfQzZV7sg6z20_vkzT9?usp=sharing
234,02_DMC,DMC,AD5_X배너(기본형),AD5_X배너(기본형)_CMYK,"DMC, X배너, 기본형",AI(1),https://drive.google.com/drive/folders/1XJJ89WKd7AJhXVfQzZV7sg6z20_vkzT9?usp=sharing
235,02_DMC,DMC,AD6_X배너(모티브형),AD6_X배너(모티브형)_PANTONE,"DMC, X배너, 모티브형",AI(1),https://drive.google.com/drive/folders/1Wbi-kIY7uo_HdEUvCnNvAl8-yBAqzo1a?usp=sharing
236,02_DMC,DMC,AD6_X배너(모티브형),AD6_X배너(모티브형)_CMYK,"DMC, X배너, 모티브형",AI(1),https://drive.google.com/drive/folders/1Wbi-kIY7uo_HdEUvCnNvAl8-yBAqzo1a?usp=sharing
237,02_DMC,DMC,AD7_X배너(협력사),AD7_X배너(협력사)_PANTONE,"DMC, X배너, 협력사",AI(1),https://drive.google.com/drive/folders/1pPQPUwGoW_ozP5vrmX4SQH7qpGG9f0BG?usp=sharing
238,02_DMC,DMC,AD7_X배너(협력사),AD7_X배너(협력사)_CMYK,"DMC, X배너, 협력사",AI(1),https://drive.google.com/drive/folders/1pPQPUwGoW_ozP5vrmX4SQH7qpGG9f0BG?usp=sharing
239,02_DMC,DMC,AD8_X배너(행사지안내),AD8_X배너(행사지안내)_PANTONE,"DMC, X배너, 행사지안내",AI(1),https://drive.google.com/drive/folders/1ewkiQDmT2QlIhQjcBKA7HZccWG-rwo49?usp=sharing
240,02_DMC,DMC,AD8_X배너(행사지안내),AD8_X배너(행사지안내)_CMYK,"DMC, X배너, 행사지안내",AI(1),https://drive.google.com/drive/folders/1ewkiQDmT2QlIhQjcBKA7HZccWG-rwo49?usp=sharing
241,02_DMC,DMC,AD9_X배너(하나투어로고형),AD9_X배너(하나투어로고형)_PANTONE,"DMC, X배너, 하나투어로고형",AI(1),https://drive.google.com/drive/folders/1TKdNTT42qaLhp4vyDXaF9bIz8dmxv5qF?usp=sharing
242,02_DMC,DMC,AD9_X배너(하나투어로고형),AD9_X배너(하나투어로고형)_CMYK,"DMC, X배너, 하나투어로고형",AI(1),https://drive.google.com/drive/folders/1TKdNTT42qaLhp4vyDXaF9bIz8dmxv5qF?usp=sharing
243,02_DMC,DMC,AD10_인솔깃발(삼각형),AD10_인솔깃발(삼각형)_PANTONE,"DMC, 삼각형, 인솔깃발",AI(1),https://drive.google.com/drive/folders/17kUc7I0nmsG7jlBMfQ1U3ax_k6DoilQm?usp=sharing
244,02_DMC,DMC,AD10_인솔깃발(삼각형),AD10_인솔깃발(삼각형)_CMYK,"DMC, 삼각형, 인솔깃발",AI(1),https://drive.google.com/drive/folders/17kUc7I0nmsG7jlBMfQ1U3ax_k6DoilQm?usp=sharing
245,02_DMC,DMC,AD11_인솔깃발(사각형),AD11_인솔깃발(사각형)_PANTONE,"DMC, 사각형, 인솔깃발",AI(1),https://drive.google.com/drive/folders/1g9AwNLmJiEeZI5xh6-hpdD3hJh8Y49vw?usp=sharing
246,02_DMC,DMC,AD11_인솔깃발(사각형),AD11_인솔깃발(사각형)_CMYK,"DMC, 사각형, 인솔깃발",AI(1),https://drive.google.com/drive/folders/1g9AwNLmJiEeZI5xh6-hpdD3hJh8Y49vw?usp=sharing
247,02_DMC,DMC,AD12_차량(일반승용차),AD12_차량(일반승용차)_PANTONE,"DMC, 일반승용차, 차량",AI(1),https://drive.google.com/drive/folders/1Qn-KUIWUZ9cSOrfnrvVxS5J6r5GDDe-q?usp=sharing
248,02_DMC,DMC,AD12_차량(일반승용차),AD12_차량(일반승용차)_CMYK,"DMC, 일반승용차, 차량",AI(1),https://drive.google.com/drive/folders/1Qn-KUIWUZ9cSOrfnrvVxS5J6r5GDDe-q?usp=sharing
249,02_DMC,DMC,AD13_차량(미니밴),AD13_차량(미니밴)_PANTONE,"DMC, 미니밴, 차량",AI(1),https://drive.google.com/drive/folders/1WzNeoh-RFBtWbzHGkbEKWvoqCxbSGRrR?usp=sharing
250,02_DMC,DMC,AD13_차량(미니밴),AD13_차량(미니밴)_CMYK,"DMC, 미니밴, 차량",AI(1),https://drive.google.com/drive/folders/1WzNeoh-RFBtWbzHGkbEKWvoqCxbSGRrR?usp=sharing
251,02_DMC,DMC,AD14_차량(대형버스),AD14_차량(대형버스)_PANTONE,"DMC, 대형버스, 차량",AI(1),https://drive.google.com/drive/folders/1PyWnqFl28YAJy9wWImIh1qVsUeWKc60_?usp=sharing
252,02_DMC,DMC,AD14_차량(대형버스),AD14_차량(대형버스)_CMYK,"DMC, 대형버스, 차량",AI(1),https://drive.google.com/drive/folders/1PyWnqFl28YAJy9wWImIh1qVsUeWKc60_?usp=sharing
253,02_DMC,DMC,SS1_시설스티커,SS1_시설스티커_PANTONE,"DMC, 시설스티커",AI(1),https://drive.google.com/drive/folders/1R2rEi_DHgoXmsmbjEbJmUCXpnBv1YHl2?usp=sharing
254,02_DMC,DMC,SS1_시설스티커,SS1_시설스티커_CMYK,"DMC, 시설스티커",AI(1),https://drive.google.com/drive/folders/1R2rEi_DHgoXmsmbjEbJmUCXpnBv1YHl2?usp=sharing
255,02_DMC,DMC,SS2_버스헤드커버,SS2_버스헤드커버_PANTONE,"DMC, 버스헤드커버",AI(1),https://drive.google.com/drive/folders/1QQInkFs2hbaVMOGy2KNu04AvffxtdmkH?usp=sharing
256,02_DMC,DMC,SS2_버스헤드커버,SS2_버스헤드커버_CMYK,"DMC, 버스헤드커버",AI(1),https://drive.google.com/drive/folders/1QQInkFs2hbaVMOGy2KNu04AvffxtdmkH?usp=sharing
257,02_DMC,DMC,SS3_출발시간고지판,SS3_출발시간고지판_PANTONE,"DMC, 출발시간고지판",AI(1),https://drive.google.com/drive/folders/1jOOS8X4wd1iUzFvTNQoHIKGyypzi9hr9?usp=sharing
258,02_DMC,DMC,SS3_출발시간고지판,SS3_출발시간고지판_CMYK,"DMC, 출발시간고지판",AI(1),https://drive.google.com/drive/folders/1jOOS8X4wd1iUzFvTNQoHIKGyypzi9hr9?usp=sharing
259,02_DMC,DMC,SS4_행사지안내사인(기본형),SS4_행사지안내사인(기본형)_PANTONE,"DMC, 기본형, 행사지안내사인",AI(1),https://drive.google.com/drive/folders/1WmmG9nQP6g7mZaXzJz9jW78QGOBUotMC?usp=sharing
260,02_DMC,DMC,SS5_행사지안내사인(약식형),SS5_행사지안내사인(약식형)_PANTONE,"DMC, 약식형, 행사지안내사인",AI(1),https://drive.google.com/drive/folders/1j5VPNs1mYlRT-OpoCWkeHlaUL67bcYI1?usp=sharing
261,02_DMC,DMC,SS6_투어데스크간판,SS6_투어데스크간판_PANTONE,"DMC, 투어데스크간판",AI(1),https://drive.google.com/drive/folders/16IUZ_b-79uasV1eOXhCg9oTquLO3rRdS?usp=sharing
262,03_T라운지,T라운지,BS1_심벌마크,BS1_심벌마크_PANTONE,"T라운지, 심벌마크","AI(1), PNG(2)",https://drive.google.com/drive/folders/1alBcnWcOfXYZrSMBGb0Th9gTlh2sTAHL?usp=sharing
263,03_T라운지,T라운지,BS1_심벌마크,BS1_심벌마크_CMYK,"T라운지, 심벌마크","AI(1), PNG(2)",https://drive.google.com/drive/folders/1alBcnWcOfXYZrSMBGb0Th9gTlh2sTAHL?usp=sharing
264,03_T라운지,T라운지,BS1_심벌마크,BS1_심벌마크_RGB,"T라운지, 심벌마크","AI(1), PNG(2)",https://drive.google.com/drive/folders/1alBcnWcOfXYZrSMBGb0Th9gTlh2sTAHL?usp=sharing
265,03_T라운지,T라운지,BS3_로고,BS3_로고_PANTONE,"T라운지, 로고","AI(1), PNG(4)",https://drive.google.com/drive/folders/1Smkpl_S1L1hCpvedU9iS8Rjt32oeul74?usp=sharing
266,03_T라운지,T라운지,BS3_로고,BS3_로고_CMYK,"T라운지, 로고","AI(1), PNG(4)",https://drive.google.com/drive/folders/1Smkpl_S1L1hCpvedU9iS8Rjt32oeul74?usp=sharing
267,03_T라운지,T라운지,BS3_로고,BS3_로고_RGB,"T라운지, 로고","AI(1), PNG(4)",https://drive.google.com/drive/folders/1Smkpl_S1L1hCpvedU9iS8Rjt32oeul74?usp=sharing
268,03_T라운지,T라운지,AS1_명함,AS1_명함_PANTONE,"T라운지, 명함",AI(1),https://drive.google.com/drive/folders/19OKf90-QukgBU80bDcLG0oS0gmlTFlz9?usp=sharing
269,03_T라운지,T라운지,AS1_명함,AS1_명함_CMYK,"T라운지, 명함",AI(1),https://drive.google.com/drive/folders/19OKf90-QukgBU80bDcLG0oS0gmlTFlz9?usp=sharing
270,03_T라운지,T라운지,AS2_소봉투,AS2_소봉투_PANTONE,"T라운지, 소봉투",AI(1),https://drive.google.com/drive/folders/1_cQcsY_T8DMVMId-iB59FuqXlvmo0bVi?usp=sharing
271,03_T라운지,T라운지,AS2_소봉투,AS2_소봉투_CMYK,"T라운지, 소봉투",AI(1),https://drive.google.com/drive/folders/1_cQcsY_T8DMVMId-iB59FuqXlvmo0bVi?usp=sharing
272,03_T라운지,T라운지,AS3_대봉투,AS3_대봉투_PANTONE,"T라운지, 대봉투",AI(1),https://drive.google.com/drive/folders/1Sy99u3jPE2CHgNdhQUekAvjsd0Ugka3L?usp=sharing
273,03_T라운지,T라운지,AS3_대봉투,AS3_대봉투_CMYK,"T라운지, 대봉투",AI(1),https://drive.google.com/drive/folders/1Sy99u3jPE2CHgNdhQUekAvjsd0Ugka3L?usp=sharing
274,03_T라운지,T라운지,AS4_레터헤드,AS4_레터헤드_PANTONE,"T라운지, 레터헤드",AI(1),https://drive.google.com/drive/folders/1D7rvywNTQ8UmcvfTiD3TVKDOvpwcwfw9?usp=sharing
275,03_T라운지,T라운지,AS4_레터헤드,AS4_레터헤드_CMYK,"T라운지, 레터헤드",AI(1),https://drive.google.com/drive/folders/1D7rvywNTQ8UmcvfTiD3TVKDOvpwcwfw9?usp=sharing
276,03_T라운지,T라운지,AS5_명찰,AS5_명찰_PANTONE,"T라운지, 명찰",AI(1),https://drive.google.com/drive/folders/1Pe88NjxnxjKNGjrBz6JPFpim4H6GIOYp?usp=sharing
277,03_T라운지,T라운지,AS5_명찰,AS5_명찰_CMYK,"T라운지, 명찰",AI(1),https://drive.google.com/drive/folders/1Pe88NjxnxjKNGjrBz6JPFpim4H6GIOYp?usp=sharing
278,03_T라운지,T라운지,AS6_티셔츠,AS6_티셔츠_PANTONE,"T라운지, 티셔츠",AI(1),https://drive.google.com/drive/folders/1Pe88NjxnxjKNGjrBz6JPFpim4H6GIOYp?usp=sharing
279,03_T라운지,T라운지,AS6_티셔츠,AS6_티셔츠_CMYK,"T라운지, 티셔츠",AI(1),https://drive.google.com/drive/folders/15Ccg9vYYS3nGdm7LeUDEkLo3gCZg1KTk?usp=sharing
280,03_T라운지,T라운지,AS7_멤버십카드,AS7_멤버십카드_PANTONE,"T라운지, 멤버십카드",AI(1),https://drive.google.com/drive/folders/1hsfAHPMPIKP-O1OoQhVALE_uT4FHz1Xr?usp=sharing
281,03_T라운지,T라운지,AS7_멤버십카드,AS7_멤버십카드_CMYK,"T라운지, 멤버십카드",AI(1),https://drive.google.com/drive/folders/1hsfAHPMPIKP-O1OoQhVALE_uT4FHz1Xr?usp=sharing
282,03_T라운지,T라운지,AD1_현수막(가로형),AD1_현수막(가로형)_PANTONE,"T라운지, 가로형, 현수막",AI(1),https://drive.google.com/drive/folders/1t88hXitBWcEBEsZQBdxS-BeevcmTSuZQ?usp=sharing
283,03_T라운지,T라운지,AD1_현수막(가로형),AD1_현수막(가로형)_CMYK,"T라운지, 가로형, 현수막",AI(1),https://drive.google.com/drive/folders/1t88hXitBWcEBEsZQBdxS-BeevcmTSuZQ?usp=sharing
284,03_T라운지,T라운지,AD2_현수막(세로형),AD2_현수막(세로형)_PANTONE,"T라운지, 세로형, 현수막",AI(1),https://drive.google.com/drive/folders/1t88hXitBWcEBEsZQBdxS-BeevcmTSuZQ?usp=sharing
285,03_T라운지,T라운지,AD2_현수막(세로형),AD2_현수막(세로형)_CMYK,"T라운지, 세로형, 현수막",AI(1),https://drive.google.com/drive/folders/1t88hXitBWcEBEsZQBdxS-BeevcmTSuZQ?usp=sharing
286,03_T라운지,T라운지,AD3_X배너,AD3_X배너_PANTONE,"T라운지, X배너",AI(1),https://drive.google.com/drive/folders/1aOegSwSW9Utuu7WFoAZIEOWDJR5BKR2c?usp=sharing
287,03_T라운지,T라운지,AD3_X배너,AD3_X배너_CMYK,"T라운지, X배너",AI(1),https://drive.google.com/drive/folders/1aOegSwSW9Utuu7WFoAZIEOWDJR5BKR2c?usp=sharing
288,03_T라운지,T라운지,AD4_차량(일반승용차),AD4_차량(일반승용차)_PANTONE,"T라운지, 일반승용차, 차량",AI(1),https://drive.google.com/drive/folders/13_am2bPVxEScecAyuGfjc0SpxhMUZmkF?usp=sharing
289,03_T라운지,T라운지,AD4_차량(일반승용차),AD4_차량(일반승용차)_CMYK,"T라운지, 일반승용차, 차량",AI(1),https://drive.google.com/drive/folders/13_am2bPVxEScecAyuGfjc0SpxhMUZmkF?usp=sharing
290,03_T라운지,T라운지,AD5_차량(미니밴),AD5_차량(미니밴)_PANTONE,"T라운지, 미니밴, 차량",AI(1),https://drive.google.com/drive/folders/19KwCp2bUApLNTja6R-G5MRIO74Fm2LIn?usp=sharing
291,03_T라운지,T라운지,AD5_차량(미니밴),AD5_차량(미니밴)_CMYK,"T라운지, 미니밴, 차량",AI(1),https://drive.google.com/drive/folders/19KwCp2bUApLNTja6R-G5MRIO74Fm2LIn?usp=sharing
292,03_T라운지,T라운지,AD6_차량(버스),AD6_차량(버스)_PANTONE,"T라운지, 버스, 차량",AI(1),https://drive.google.com/drive/folders/1Fg2EL52MCsUtZbJeSjBIHUV3qnfxHHnp?usp=sharing
293,03_T라운지,T라운지,AD6_차량(버스),AD6_차량(버스)_CMYK,"T라운지, 버스, 차량",AI(1),https://drive.google.com/drive/folders/1Fg2EL52MCsUtZbJeSjBIHUV3qnfxHHnp?usp=sharing
294,03_T라운지,T라운지,AD7_차량(대형버스),AD7_차량(대형버스)_PANTONE,"T라운지, 대형버스, 차량",AI(1),https://drive.google.com/drive/folders/1-n5hvS-RrLlectWyDTqbYbovfN_Bleho?usp=sharing
295,03_T라운지,T라운지,AD7_차량(대형버스),AD7_차량(대형버스)_CMYK,"T라운지, 대형버스, 차량",AI(1),https://drive.google.com/drive/folders/1-n5hvS-RrLlectWyDTqbYbovfN_Bleho?usp=sharing
296,03_T라운지,T라운지,SS1_티라운지설치물로고,SS1_티라운지설치물로고_PANTONE,"T라운지, 티라운지설치물로고",AI(1),https://drive.google.com/drive/folders/1cALsrNzWlef0_4h4UzpFpI3ey3PWmdQE?usp=sharing
297,03_T라운지,T라운지,SS2_현판사인,SS2_현판사인_PANTONE,"T라운지, 현판사인",AI(3),https://drive.google.com/drive/folders/12KBCau_52sy96-zk_RfFLxBwLGu6Nzpe?usp=sharing
298,03_T라운지,T라운지,SS3_입구간판,SS3_입구간판_PANTONE,"T라운지, 입구간판",AI(1),https://drive.google.com/drive/folders/1JJflLGD2cN4BnkDqUL9YdRMMb61fti27?usp=sharing
299,03_T라운지,T라운지,SS4_윈도우그래픽,SS4_윈도우그래픽_PANTONE,"T라운지, 윈도우그래픽",AI(1),https://drive.google.com/drive/folders/1qYH3lxjz1_p9hCJ03GQ_3lfPtjr1irbW?usp=sharing
300,04_T데스크,T데스크,BS1_심벌마크,BS1_심벌마크_PANTONE,"T데스크, 심벌마크","AI(1), PNG(2)",https://drive.google.com/drive/folders/19Nm_coEvaTRhTeVVlfkFCHYMBDP3OAmZ?usp=sharing
301,04_T데스크,T데스크,BS1_심벌마크,BS1_심벌마크_CMYK,"T데스크, 심벌마크","AI(1), PNG(2)",https://drive.google.com/drive/folders/19Nm_coEvaTRhTeVVlfkFCHYMBDP3OAmZ?usp=sharing
302,04_T데스크,T데스크,BS1_심벌마크,BS1_심벌마크_RGB,"T데스크, 심벌마크","AI(1), PNG(2)",https://drive.google.com/drive/folders/19Nm_coEvaTRhTeVVlfkFCHYMBDP3OAmZ?usp=sharing
303,04_T데스크,T데스크,BS3_로고,BS3_로고_PANTONE,"T데스크, 로고","AI(1), PNG(4)",https://drive.google.com/drive/folders/1Prp1znFrVg90bu0aWL3rUElQf23qkLyM?usp=sharing
304,04_T데스크,T데스크,BS3_로고,BS3_로고_CMYK,"T데스크, 로고","AI(1), PNG(4)",https://drive.google.com/drive/folders/1Prp1znFrVg90bu0aWL3rUElQf23qkLyM?usp=sharing
305,04_T데스크,T데스크,BS3_로고,BS3_로고_RGB,"T데스크, 로고","AI(1), PNG(4)",https://drive.google.com/drive/folders/1Prp1znFrVg90bu0aWL3rUElQf23qkLyM?usp=sharing
306,04_T데스크,T데스크,AS1_명함,AS1_명함_PANTONE,"T데스크, 명함",AI(1),https://drive.google.com/drive/folders/1ngWmVAqbPRrQ_oiNLnubWEITMyIRcOF0?usp=sharing
307,04_T데스크,T데스크,AS1_명함,AS1_명함_CMYK,"T데스크, 명함",AI(1),https://drive.google.com/drive/folders/1ngWmVAqbPRrQ_oiNLnubWEITMyIRcOF0?usp=sharing
308,04_T데스크,T데스크,AS2_소봉투,AS2_소봉투_PANTONE,"T데스크, 소봉투",AI(1),https://drive.google.com/drive/folders/1tzMxtNjPLV7YBDtoyt5pW8nR47D0Czsh?usp=sharing
309,04_T데스크,T데스크,AS2_소봉투,AS2_소봉투_CMYK,"T데스크, 소봉투",AI(1),https://drive.google.com/drive/folders/1tzMxtNjPLV7YBDtoyt5pW8nR47D0Czsh?usp=sharing
310,04_T데스크,T데스크,AS3_대봉투,AS3_대봉투_PANTONE,"T데스크, 대봉투",AI(1),https://drive.google.com/drive/folders/1Z1X9kCnQB6ajXPbDCT_cUoOF_46Y1U5_?usp=sharing
311,04_T데스크,T데스크,AS3_대봉투,AS3_대봉투_CMYK,"T데스크, 대봉투",AI(1),https://drive.google.com/drive/folders/1Z1X9kCnQB6ajXPbDCT_cUoOF_46Y1U5_?usp=sharing
312,04_T데스크,T데스크,AS4_레터헤드,AS4_레터헤드_PANTONE,"T데스크, 레터헤드",AI(1),https://drive.google.com/drive/folders/1K_TzogpmU7uGpjHKcsLnutyrhqId_K1c?usp=sharing
313,04_T데스크,T데스크,AS4_레터헤드,AS4_레터헤드_CMYK,"T데스크, 레터헤드",AI(1),https://drive.google.com/drive/folders/1K_TzogpmU7uGpjHKcsLnutyrhqId_K1c?usp=sharing
314,04_T데스크,T데스크,AS5_명찰,AS5_명찰_PANTONE,"T데스크, 명찰",AI(1),https://drive.google.com/drive/folders/1cNBqOFEuAhBGS_OGmKZi9Cejfb5M0MC0?usp=sharing
315,04_T데스크,T데스크,AS5_명찰,AS5_명찰_CMYK,"T데스크, 명찰",AI(1),https://drive.google.com/drive/folders/1cNBqOFEuAhBGS_OGmKZi9Cejfb5M0MC0?usp=sharing
316,04_T데스크,T데스크,AS6_티셔츠,AS6_티셔츠_PANTONE,"T데스크, 티셔츠",AI(1),https://drive.google.com/drive/folders/1ohHE75xRKdgmCFtgEguhhH1HIND7eVZt?usp=sharing
317,04_T데스크,T데스크,AS6_티셔츠,AS6_티셔츠_CMYK,"T데스크, 티셔츠",AI(1),https://drive.google.com/drive/folders/1ohHE75xRKdgmCFtgEguhhH1HIND7eVZt?usp=sharing
318,04_T데스크,T데스크,AS7_멤버십카드,AS7_멤버십카드_PANTONE,"T데스크, 멤버십카드",AI(1),https://drive.google.com/drive/folders/1y8qYiiD3MrypOkgDWBWiOjYvIl8WTjn8?usp=sharing
319,04_T데스크,T데스크,AS7_멤버십카드,AS7_멤버십카드_CMYK,"T데스크, 멤버십카드",AI(1),https://drive.google.com/drive/folders/1y8qYiiD3MrypOkgDWBWiOjYvIl8WTjn8?usp=sharing
320,04_T데스크,T데스크,AD1_현수막(가로형),AD1_현수막(가로형)_PANTONE,"T데스크, 가로형, 현수막",AI(1),https://drive.google.com/drive/folders/1GTQOLV0SbV6MJO1ScqE940ngbpweSsqn?usp=sharing
321,04_T데스크,T데스크,AD1_현수막(가로형),AD1_현수막(가로형)_CMYK,"T데스크, 가로형, 현수막",AI(1),https://drive.google.com/drive/folders/1GTQOLV0SbV6MJO1ScqE940ngbpweSsqn?usp=sharing
322,04_T데스크,T데스크,AD2_현수막(세로형),AD2_현수막(세로형)_PANTONE,"T데스크, 세로형, 현수막",AI(1),https://drive.google.com/drive/folders/1Jgy74AvnbNG4xmYOajq23y0BGKvuE2ON?usp=sharing
323,04_T데스크,T데스크,AD2_현수막(세로형),AD2_현수막(세로형)_CMYK,"T데스크, 세로형, 현수막",AI(1),https://drive.google.com/drive/folders/1Jgy74AvnbNG4xmYOajq23y0BGKvuE2ON?usp=sharing
324,04_T데스크,T데스크,AD3_X배너,AD3_X배너_PANTONE,"T데스크, X배너",AI(1),https://drive.google.com/drive/folders/1FlCdXyG71_i9eCDBAhETEr8q6lhkwuY5?usp=sharing
325,04_T데스크,T데스크,AD3_X배너,AD3_X배너_CMYK,"T데스크, X배너",AI(1),https://drive.google.com/drive/folders/1FlCdXyG71_i9eCDBAhETEr8q6lhkwuY5?usp=sharing
326,04_T데스크,T데스크,AD4_차량(일반승용차),AD4_차량(일반승용차)_PANTONE,"T데스크, 일반승용차, 차량",AI(1),https://drive.google.com/drive/folders/12ECCR5hGmmOnBIDyn0KsK-vd4gOHT2Jb?usp=sharing
327,04_T데스크,T데스크,AD4_차량(일반승용차),AD4_차량(일반승용차)_CMYK,"T데스크, 일반승용차, 차량",AI(1),https://drive.google.com/drive/folders/12ECCR5hGmmOnBIDyn0KsK-vd4gOHT2Jb?usp=sharing
328,04_T데스크,T데스크,AD5_차량(미니밴),AD5_차량(미니밴)_PANTONE,"T데스크, 미니밴, 차량",AI(1),https://drive.google.com/drive/folders/1QVuYAC4CvoKPZL8Kxs_BxK5p7UfS3BwY?usp=sharing
329,04_T데스크,T데스크,AD5_차량(미니밴),AD5_차량(미니밴)_CMYK,"T데스크, 미니밴, 차량",AI(1),https://drive.google.com/drive/folders/1QVuYAC4CvoKPZL8Kxs_BxK5p7UfS3BwY?usp=sharing
330,04_T데스크,T데스크,AD6_차량(버스),AD6_차량(버스)_PANTONE,"T데스크, 버스, 차량",AI(1),https://drive.google.com/drive/folders/1NkpoSq4lMqukqEyF_tA2EorhrRN28gpu?usp=sharing
331,04_T데스크,T데스크,AD6_차량(버스),AD6_차량(버스)_CMYK,"T데스크, 버스, 차량",AI(1),https://drive.google.com/drive/folders/1NkpoSq4lMqukqEyF_tA2EorhrRN28gpu?usp=sharing
332,04_T데스크,T데스크,AD7_차량(대형버스),AD7_차량(대형버스)_PANTONE,"T데스크, 대형버스, 차량",AI(1),https://drive.google.com/drive/folders/1D_u73zNr4Rjg3IpBKtOI7-U93ab_vqXG?usp=sharing
333,04_T데스크,T데스크,AD7_차량(대형버스),AD7_차량(대형버스)_CMYK,"T데스크, 대형버스, 차량",AI(1),https://drive.google.com/drive/folders/1D_u73zNr4Rjg3IpBKtOI7-U93ab_vqXG?usp=sharing
334,04_T데스크,T데스크,SS1_티데스크설치물로고,SS1_티데스크설치물로고_PANTONE,"T데스크, 티데스크설치물로고",AI(1),https://drive.google.com/drive/folders/1j5zGQXT1uoZFfOWB4Zgu13zhQmegEmtR?usp=sharing
335,04_T데스크,T데스크,SS2_현판사인,SS2_현판사인_PANTONE,"T데스크, 현판사인",AI(3),https://drive.google.com/drive/folders/1wifgzS_SKOYHFnX7tLBV6tq2ByLIsWjd?usp=sharing
336,04_T데스크,T데스크,SS3_입구간판,SS3_입구간판_PANTONE,"T데스크, 입구간판",AI(1),https://drive.google.com/drive/folders/19QtWKPt067vasVdjNiIOzdPIpPAaRNGk?usp=sharing
337,04_T데스크,T데스크,SS4_윈도우그래픽,SS4_윈도우그래픽_PANTONE,"T데스크, 윈도우그래픽",AI(1),https://drive.google.com/drive/folders/1Ubcwy-LX_ngrY6E3OCqbenPUoaz1Zs40?usp=sharing
338,01_하나팩프리미엄,하나팩프리미엄,BS1_로고,BS1_로고_PANTONE,"로고, 하나팩프리미엄","AI(1), PNG(9)",https://drive.google.com/drive/folders/1GOOU6b2emM0nW7MTcEBPwU5-xbJgYq6N?usp=sharing
339,01_하나팩프리미엄,하나팩프리미엄,BS1_로고,BS1_로고_CMYK,"로고, 하나팩프리미엄","AI(1), PNG(9)",https://drive.google.com/drive/folders/1GOOU6b2emM0nW7MTcEBPwU5-xbJgYq6N?usp=sharing
340,01_하나팩프리미엄,하나팩프리미엄,BS1_로고,BS1_로고_RGB,"로고, 하나팩프리미엄","AI(1), PNG(9)",https://drive.google.com/drive/folders/1GOOU6b2emM0nW7MTcEBPwU5-xbJgYq6N?usp=sharing
341,01_하나팩프리미엄,하나팩프리미엄,AS1_사원증,AS1_사원증_PANTONE,"사원증, 하나팩프리미엄",AI(1),https://drive.google.com/drive/folders/1Q7EMexU5qVr-OsZ4cYm9kUm-zwzhaVif?usp=sharing
342,01_하나팩프리미엄,하나팩프리미엄,AS1_사원증,AS1_사원증_CMYK,"사원증, 하나팩프리미엄",AI(1),https://drive.google.com/drive/folders/1Q7EMexU5qVr-OsZ4cYm9kUm-zwzhaVif?usp=sharing
343,01_하나팩프리미엄,하나팩프리미엄,AS2_미팅보드,AS2_미팅보드_PANTONE,"미팅보드, 하나팩프리미엄",AI(1),https://drive.google.com/drive/folders/12xynChNeM3C-55wh_VexCmk0A_JlDknb?usp=sharing
344,01_하나팩프리미엄,하나팩프리미엄,AS2_미팅보드,AS2_미팅보드_CMYK,"미팅보드, 하나팩프리미엄",AI(1),https://drive.google.com/drive/folders/12xynChNeM3C-55wh_VexCmk0A_JlDknb?usp=sharing
345,01_하나팩프리미엄,하나팩프리미엄,AS3_미니X배너,AS3_미니X배너_PANTONE,"미니X배너, 하나팩프리미엄",AI(1),https://drive.google.com/drive/folders/1f_zLAoJaRFEV-Kuc5SxWJ47yALWMgQWu?usp=sharing
346,01_하나팩프리미엄,하나팩프리미엄,AS3_미니X배너,AS3_미니X배너_CMYK,"미니X배너, 하나팩프리미엄",AI(1),https://drive.google.com/drive/folders/1f_zLAoJaRFEV-Kuc5SxWJ47yALWMgQWu?usp=sharing
347,01_하나팩프리미엄,하나팩프리미엄,AS4_유니폼(하계),AS4_유니폼(하계)_PANTONE,"유니폼, 하계, 하나팩프리미엄",AI(1),https://drive.google.com/drive/folders/1mW7yXc8nCENb1kzYbOLKHRp6S-1HkSJJ?usp=sharing
348,01_하나팩프리미엄,하나팩프리미엄,AS4_유니폼(하계),AS4_유니폼(하계)_CMYK,"유니폼, 하계, 하나팩프리미엄",AI(1),https://drive.google.com/drive/folders/1mW7yXc8nCENb1kzYbOLKHRp6S-1HkSJJ?usp=sharing
349,01_하나팩프리미엄,하나팩프리미엄,AS5_유니폼(동계),AS5_유니폼(동계)_PANTONE,"동계, 유니폼, 하나팩프리미엄",AI(1),https://drive.google.com/drive/folders/1yh88F4GxMmMCC42JU6KIiymN46wZrsPv?usp=sharing
350,01_하나팩프리미엄,하나팩프리미엄,AS5_유니폼(동계),AS5_유니폼(동계)_CMYK,"동계, 유니폼, 하나팩프리미엄",AI(1),https://drive.google.com/drive/folders/1yh88F4GxMmMCC42JU6KIiymN46wZrsPv?usp=sharing
351,01_하나팩프리미엄,하나팩프리미엄,AS6_넥타이,AS6_넥타이_PANTONE,"넥타이, 하나팩프리미엄",AI(1),https://drive.google.com/drive/folders/1dgGQ3BxZbi5koxvOwGKeucankhbqjYf5?usp=sharing
352,01_하나팩프리미엄,하나팩프리미엄,AS6_넥타이,AS6_넥타이_CMYK,"넥타이, 하나팩프리미엄",AI(1),https://drive.google.com/drive/folders/1dgGQ3BxZbi5koxvOwGKeucankhbqjYf5?usp=sharing
353,01_하나팩프리미엄,하나팩프리미엄,AS7_웨이팅라인,AS7_웨이팅라인_PANTONE,"웨이팅라인, 하나팩프리미엄",AI(1),https://drive.google.com/drive/folders/1MArYNF_3dntQYmy1lbk21Qa3vRR3RVS3?usp=sharing
354,01_하나팩프리미엄,하나팩프리미엄,AS7_웨이팅라인,AS7_웨이팅라인_CMYK,"웨이팅라인, 하나팩프리미엄",AI(1),https://drive.google.com/drive/folders/1MArYNF_3dntQYmy1lbk21Qa3vRR3RVS3?usp=sharing
355,01_하나팩프리미엄,하나팩프리미엄,AS8_디지털사이니지,AS8_디지털사이니지_RGB,"디지털사이니지, 하나팩프리미엄",AI(1),https://drive.google.com/drive/folders/1P0AT4HBmFUNBRQINXu_TVyOtrDAutLfP?usp=sharing
356,02_밍글링투어,밍글링투어,BS1_로고_밍글링투어,BS1_로고_밍글링투어,"로고,밍글링투어",AI(1),https://drive.google.com/drive/folders/1r-PxJ9uGICdFtsf2KF1rtpZcE7aZmY5g?usp=sharing
357,02_밍글링투어,밍글링투어,BS3_슬로건,BS3_슬로건_밍글링투어,"슬로건,밍글링투어",AI(1),https://drive.google.com/drive/folders/1YILSeTqrKdTf8jAOsOEZzGyo7QmaL--R?usp=sharing
357,02_밍글링투어,밍글링투어,BS7_심벌그래픽,BS7_심벌그래픽,"심벌그래픽,밍글링투어",AI(1),https://drive.google.com/drive/folders/1msBY0TtKQ6bGWh6VJZ0R4XDa3blipUyf?usp=sharing
359,02_밍글링투어,밍글링투어,BS9_일러스트레이션,BS9_일러스트레이션,"일러스트레이션,밍글링투어",AI(1),https://drive.google.com/drive/folders/1ER_joc-XAzop77plsdSJREi9z39Xiv1k?usp=sharing
360,03_제우스월드,제우스월드,BS1_로고,BS1_로고_CMYK,"로고, 제우스월드","AI(1), PNG(4)",https://drive.google.com/drive/folders/1fMsurSu9XRqtjf61s08mDf1RDFC2P_tF?usp=sharing
361,03_제우스월드,제우스월드,BS1_로고,BS1_로고_RGB,"로고, 제우스월드","AI(1), PNG(4)",https://drive.google.com/drive/folders/1fMsurSu9XRqtjf61s08mDf1RDFC2P_tF?usp=sharing
362,브랜드규정_통합,통합,브랜드규정,01_Hanatour_Guidelines_V1.0(통합),"브랜드 가이드라인, 브랜드 규정, 통합 가이드라인, 통합 가이드북, 전체 규정집, 브랜드북, Hanatour Guidelines, 가이드라인 통합본",PDF,https://drive.google.com/file/d/1e-xPuoW03164PiQVt8O24v-LXFK2z7tS/view?usp=sharing
363,브랜드규정_공식인증예약센터,공식인증예약센터,브랜드규정,02_Hanatour_Guidelines_V1.0(공식인증예약센터),"공식인증예약센터 가이드라인, 예약센터 브랜드규정, 공식인증 예약센터, 인증 예약센터 규정, 가이드라인",PDF,https://drive.google.com/file/d/1LfYuglhiakAeKvZb5oRuQb_IhdCEyAUx/view?usp=sharing
364,브랜드규정_글로벌네트워크,글로벌네트워크,브랜드규정,03_Hanatour_Guidelines_V1.0(글로벌네트워크),"글로벌네트워크 가이드라인, 해외 네트워크 브랜드규정, 글로벌 네트워크 규정, 해외지사 가이드라인, 가이드라인",PDF,https://drive.google.com/file/d/1SCmu1FR_VAojDpqNJZtsuhkhaW0Ku1wl/view?usp=sharing
365,브랜드규정_기타,기타,브랜드규정,04_Hanatour_Guidelines_V1.0(기타),"기타 가이드라인, 기타 브랜드규정, 부속 규정집, 기타 규정, 가이드라인",PDF,https://drive.google.com/file/d/1wqSPO3WdNZzxOC4wVL03BdNvygq7dF85/view?usp=sharing
